"time","coolingLoad","n","Mode","CT_c","CHP_c","CP_c","Chiller_c","Tset","Twb","valveOpen","Val9","Val10","StoragePumpSignal"
0,7000000,1,1,1,1,1,1,293.0264766355844,300.15,0,0,1,1
5,7000000,1,1,1,1,1,1,293.0264766355844,300.15,0,0,1,1
10,7000000,1,1,1,1,1,1,293.0264766355844,300.15,0,0,1,1
15,7000000,1,1,1,1,1,1,293.0264766355844,300.15,0,0,1,1
20,7000000,1,1,1,1,1,1,293.0264766355844,300.15,0,0,1,1
25,7000000,1,1,1,1,1,1,293.0264766355844,300.15,0,0,1,1
30,7000000,1,1,1,1,1,1,293.0264766355844,300.15,0,0,1,1
35,7000000,1,1,1,1,1,1,293.0264766355844,300.15,0,0,1,1
40,7000000,1,1,1,1,1,1,293.0264766355844,300.15,0,0,1,1
45,7000000,1,1,1,1,1,1,293.0264766355844,300.15,0,0,1,1
50,7000000,1,1,1,1,1,1,293.0264766355844,300.15,0,0,1,1
55,7000000,1,1,1,1,1,1,293.0264766355844,300.15,0,0,1,1
60,7000000,1,1,1,1,1,1,293.0264766355844,300.15,0,0,1,1
65,7000000,1,1,1,1,1,1,293.0264766355844,300.15,0,0,1,1
70,7000000,1,1,1,1,1,1,293.0264766355844,300.15,0,0,1,1
75,7000000,1,1,1,1,1,1,293.0264766355844,300.15,0,0,1,1
80,7000000,1,1,1,1,1,1,293.0264766355844,300.15,0,0,1,1
85,7000000,1,1,1,1,1,1,293.0264766355844,300.15,0,0,1,1
90,7000000,1,1,1,1,1,1,293.0264766355844,300.15,0,0,1,1
95,7000000,1,1,1,1,1,1,293.0264766355844,300.15,0,0,1,1
100,7000000,1,1,1,1,1,1,293.0264766355844,300.15,0,0,1,1
105,7000000,1,1,1,1,1,1,293.0264766355844,300.15,0,0,1,1
110,7000000,1,1,1,1,1,1,293.0264766355844,300.15,0,0,1,1
115,7000000,1,1,1,1,1,1,293.0264766355844,300.15,0,0,1,1
120,7000000,1,1,1,1,1,1,293.0264766355844,300.15,0,0,1,1
125,7000000,1,1,1,1,1,1,293.0264766355844,300.15,0,0,1,1
130,7000000,1,1,1,1,1,1,293.0264766355844,300.15,0,0,1,1
135,7000000,1,1,1,1,1,1,293.0264766355844,300.15,0,0,1,1
140,7000000,1,1,1,1,1,1,293.0264766355844,300.15,0,0,1,1
145,7000000,1,1,1,1,1,1,293.0264766355844,300.15,0,0,1,1
150,7000000,1,1,1,1,1,1,293.0264766355844,300.15,0,0,1,1
155,7000000,1,1,1,1,1,1,293.0264766355844,300.15,0,0,1,1
160,7000000,1,1,1,1,1,1,293.0264766355844,300.15,0,0,1,1
165,7000000,1,1,1,1,1,1,293.0264766355844,300.15,0,0,1,1
170,7000000,1,1,1,1,1,1,293.0264766355844,300.15,0,0,1,1
175,7000000,1,1,1,1,1,1,293.0264766355844,300.15,0,0,1,1
180,7000000,1,1,1,1,1,1,293.0264766355844,300.15,0,0,1,1
185,7000000,1,1,1,1,1,1,293.0264766355844,300.15,0,0,1,1
190,7000000,1,1,1,1,1,1,293.0264766355844,300.15,0,0,1,1
195,7000000,1,1,1,1,1,1,293.0264766355844,300.15,0,0,1,1
200,7000000,1,1,1,1,1,1,293.0264766355844,300.15,0,0,1,1
205,7000000,1,1,1,1,1,1,293.0264766355844,300.15,0,0,1,1
210,7000000,1,1,1,1,1,1,293.0264766355844,300.15,0,0,1,1
215,7000000,1,1,1,1,1,1,293.0264766355844,300.15,0,0,1,1
220,7000000,1,1,1,1,1,1,293.0264766355844,300.15,0,0,1,1
225,7000000,1,1,1,1,1,1,293.0264766355844,300.15,0,0,1,1
230,7000000,1,1,1,1,1,1,293.0264766355844,300.15,0,0,1,1
235,7000000,1,1,1,1,1,1,293.0264766355844,300.15,0,0,1,1
240,7000000,1,1,1,1,1,1,293.0264766355844,300.15,0,0,1,1
245,7000000,1,1,1,1,1,1,293.0264766355844,300.15,0,0,1,1
250,7000000,1,1,1,1,1,1,293.0264766355844,300.15,0,0,1,1
255,7000000,1,1,1,1,1,1,293.0264766355844,300.15,0,0,1,1
260,7000000,1,1,1,1,1,1,293.0264766355844,300.15,0,0,1,1
265,7000000,1,1,1,1,1,1,293.0264766355844,300.15,0,0,1,1
270,7000000,1,1,1,1,1,1,293.0264766355844,300.15,0,0,1,1
275,7000000,1,1,1,1,1,1,293.0264766355844,300.15,0,0,1,1
280,7000000,1,1,1,1,1,1,293.0264766355844,300.15,0,0,1,1
285,7000000,1,1,1,1,1,1,293.0264766355844,300.15,0,0,1,1
290,7000000,1,1,1,1,1,1,293.0264766355844,300.15,0,0,1,1
295,7000000,1,1,1,1,1,1,293.0264766355844,300.15,0,0,1,1
300,7000000,1,1,1,1,1,1,293.0264766355844,300.15,0,0,1,1
305,7000000,1,1,1,1,1,1,293.0264766355844,300.15,0,0,1,1
310,7000000,1,1,1,1,1,1,293.0264766355844,300.15,0,0,1,1
315,7000000,1,1,1,1,1,1,293.0264766355844,300.15,0,0,1,1
320,7000000,1,1,1,1,1,1,293.0264766355844,300.15,0,0,1,1
325,7000000,1,1,1,1,1,1,293.0264766355844,300.15,0,0,1,1
330,7000000,1,1,1,1,1,1,293.0264766355844,300.15,0,0,1,1
335,7000000,1,1,1,1,1,1,293.0264766355844,300.15,0,0,1,1
340,7000000,1,1,1,1,1,1,293.0264766355844,300.15,0,0,1,1
345,7000000,1,1,1,1,1,1,293.0264766355844,300.15,0,0,1,1
350,7000000,1,1,1,1,1,1,293.0264766355844,300.15,0,0,1,1
355,7000000,1,1,1,1,1,1,293.0264766355844,300.15,0,0,1,1
360,7000000,1,1,1,1,1,1,293.0264766355844,300.15,0,0,1,1
365,7000000,1,1,1,1,1,1,293.0264766355844,300.15,0,0,1,1
370,7000000,1,1,1,1,1,1,293.0264766355844,300.15,0,0,1,1
375,7000000,1,1,1,1,1,1,293.0264766355844,300.15,0,0,1,1
380,7000000,1,1,1,1,1,1,293.0264766355844,300.15,0,0,1,1
385,7000000,1,1,1,1,1,1,293.0264766355844,300.15,0,0,1,1
390,7000000,1,1,1,1,1,1,293.0264766355844,300.15,0,0,1,1
395,7000000,1,1,1,1,1,1,293.0264766355844,300.15,0,0,1,1
400,7000000,1,1,1,1,1,1,293.0264766355844,300.15,0,0,1,1
405,7000000,1,1,1,1,1,1,293.0264766355844,300.15,0,0,1,1
410,7000000,1,1,1,1,1,1,293.0264766355844,300.15,0,0,1,1
415,7000000,1,1,1,1,1,1,293.0264766355844,300.15,0,0,1,1
420,7000000,1,1,1,1,1,1,293.0264766355844,300.15,0,0,1,1
425,7000000,1,1,1,1,1,1,293.0264766355844,300.15,0,0,1,1
430,7000000,1,1,1,1,1,1,293.0264766355844,300.15,0,0,1,1
435,7000000,1,1,1,1,1,1,293.0264766355844,300.15,0,0,1,1
440,7000000,1,1,1,1,1,1,293.0264766355844,300.15,0,0,1,1
445,7000000,1,1,1,1,1,1,293.0264766355844,300.15,0,0,1,1
450,7000000,1,1,1,1,1,1,293.0264766355844,300.15,0,0,1,1
455,7000000,1,1,1,1,1,1,293.0264766355844,300.15,0,0,1,1
460,7000000,1,1,1,1,1,1,293.0264766355844,300.15,0,0,1,1
465,7000000,1,1,1,1,1,1,293.0264766355844,300.15,0,0,1,1
470,7000000,1,1,1,1,1,1,293.0264766355844,300.15,0,0,1,1
475,7000000,1,1,1,1,1,1,293.0264766355844,300.15,0,0,1,1
480,7000000,1,1,1,1,1,1,293.0264766355844,300.15,0,0,1,1
485,7000000,1,1,1,1,1,1,293.0264766355844,300.15,0,0,1,1
490,7000000,1,1,1,1,1,1,293.0264766355844,300.15,0,0,1,1
495,7000000,1,1,1,1,1,1,293.0264766355844,300.15,0,0,1,1
500,7000000,1,1,1,1,1,1,293.0264766355844,300.15,0,0,1,1
505,7000000,1,1,1,1,1,1,293.0264766355844,300.15,0,0,1,1
510,7000000,1,1,1,1,1,1,293.0264766355844,300.15,0,0,1,1
515,7000000,1,1,1,1,1,1,293.0264766355844,300.15,0,0,1,1
520,7000000,1,1,1,1,1,1,293.0264766355844,300.15,0,0,1,1
525,7000000,1,1,1,1,1,1,293.0264766355844,300.15,0,0,1,1
530,7000000,1,1,1,1,1,1,293.0264766355844,300.15,0,0,1,1
535,7000000,1,1,1,1,1,1,293.0264766355844,300.15,0,0,1,1
540,7000000,1,1,1,1,1,1,293.0264766355844,300.15,0,0,1,1
545,7000000,1,1,1,1,1,1,293.0264766355844,300.15,0,0,1,1
550,7000000,1,1,1,1,1,1,293.0264766355844,300.15,0,0,1,1
555,7000000,1,1,1,1,1,1,293.0264766355844,300.15,0,0,1,1
560,7000000,1,1,1,1,1,1,293.0264766355844,300.15,0,0,1,1
565,7000000,1,1,1,1,1,1,293.0264766355844,300.15,0,0,1,1
570,7000000,1,1,1,1,1,1,293.0264766355844,300.15,0,0,1,1
575,7000000,1,1,1,1,1,1,293.0264766355844,300.15,0,0,1,1
580,7000000,1,1,1,1,1,1,293.0264766355844,300.15,0,0,1,1
585,7000000,1,1,1,1,1,1,293.0264766355844,300.15,0,0,1,1
590,7000000,1,1,1,1,1,1,293.0264766355844,300.15,0,0,1,1
595,7000000,1,1,1,1,1,1,293.0264766355844,300.15,0,0,1,1
600,7000000,1,1,1,1,1,1,293.0264766355844,300.15,0,0,1,1
605,7000000,1,1,1,1,1,1,293.0264766355844,300.15,0,0,1,1
610,7000000,1,1,1,1,1,1,293.0264766355844,300.15,0,0,1,1
615,7000000,1,1,1,1,1,1,293.0264766355844,300.15,0,0,1,1
620,7000000,1,1,1,1,1,1,293.0264766355844,300.15,0,0,1,1
625,7000000,1,1,1,1,1,1,293.0264766355844,300.15,0,0,1,1
630,7000000,1,1,1,1,1,1,293.0264766355844,300.15,0,0,1,1
635,7000000,1,1,1,1,1,1,293.0264766355844,300.15,0,0,1,1
640,7000000,1,1,1,1,1,1,293.0264766355844,300.15,0,0,1,1
645,7000000,1,1,1,1,1,1,293.0264766355844,300.15,0,0,1,1
650,7000000,1,1,1,1,1,1,293.0264766355844,300.15,0,0,1,1
655,7000000,1,1,1,1,1,1,293.0264766355844,300.15,0,0,1,1
660,7000000,1,1,1,1,1,1,293.0264766355844,300.15,0,0,1,1
665,7000000,1,1,1,1,1,1,293.0264766355844,300.15,0,0,1,1
670,7000000,1,1,1,1,1,1,293.0264766355844,300.15,0,0,1,1
675,7000000,1,1,1,1,1,1,293.0264766355844,300.15,0,0,1,1
680,7000000,1,1,1,1,1,1,293.0264766355844,300.15,0,0,1,1
685,7000000,1,1,1,1,1,1,293.0264766355844,300.15,0,0,1,1
690,7000000,1,1,1,1,1,1,293.0264766355844,300.15,0,0,1,1
695,7000000,1,1,1,1,1,1,293.0264766355844,300.15,0,0,1,1
700,7000000,1,1,1,1,1,1,293.0264766355844,300.15,0,0,1,1
705,7000000,1,1,1,1,1,1,293.0264766355844,300.15,0,0,1,1
710,7000000,1,1,1,1,1,1,293.0264766355844,300.15,0,0,1,1
715,7000000,1,1,1,1,1,1,293.0264766355844,300.15,0,0,1,1
720,7000000,1,1,1,1,1,1,293.0264766355844,300.15,0,0,1,1
725,7000000,1,1,1,1,1,1,293.0264766355844,300.15,0,0,1,1
730,7000000,1,1,1,1,1,1,293.0264766355844,300.15,0,0,1,1
735,7000000,1,1,1,1,1,1,293.0264766355844,300.15,0,0,1,1
740,7000000,1,1,1,1,1,1,293.0264766355844,300.15,0,0,1,1
745,7000000,1,1,1,1,1,1,293.0264766355844,300.15,0,0,1,1
750,7000000,1,1,1,1,1,1,293.0264766355844,300.15,0,0,1,1
755,7000000,1,1,1,1,1,1,293.0264766355844,300.15,0,0,1,1
760,7000000,1,1,1,1,1,1,293.0264766355844,300.15,0,0,1,1
765,7000000,1,1,1,1,1,1,293.0264766355844,300.15,0,0,1,1
770,7000000,1,1,1,1,1,1,293.0264766355844,300.15,0,0,1,1
775,7000000,1,1,1,1,1,1,293.0264766355844,300.15,0,0,1,1
780,7000000,1,1,1,1,1,1,293.0264766355844,300.15,0,0,1,1
785,7000000,1,1,1,1,1,1,293.0264766355844,300.15,0,0,1,1
790,7000000,1,1,1,1,1,1,293.0264766355844,300.15,0,0,1,1
795,7000000,1,1,1,1,1,1,293.0264766355844,300.15,0,0,1,1
800,7000000,1,1,1,1,1,1,293.0264766355844,300.15,0,0,1,1
805,7000000,1,1,1,1,1,1,293.0264766355844,300.15,0,0,1,1
810,7000000,1,1,1,1,1,1,293.0264766355844,300.15,0,0,1,1
815,7000000,1,1,1,1,1,1,293.0264766355844,300.15,0,0,1,1
820,7000000,1,1,1,1,1,1,293.0264766355844,300.15,0,0,1,1
825,7000000,1,1,1,1,1,1,293.0264766355844,300.15,0,0,1,1
830,7000000,1,1,1,1,1,1,293.0264766355844,300.15,0,0,1,1
835,7000000,1,1,1,1,1,1,293.0264766355844,300.15,0,0,1,1
840,7000000,1,1,1,1,1,1,293.0264766355844,300.15,0,0,1,1
845,7000000,1,1,1,1,1,1,293.0264766355844,300.15,0,0,1,1
850,7000000,1,1,1,1,1,1,293.0264766355844,300.15,0,0,1,1
855,7000000,1,1,1,1,1,1,293.0264766355844,300.15,0,0,1,1
860,7000000,1,1,1,1,1,1,293.0264766355844,300.15,0,0,1,1
865,7000000,1,1,1,1,1,1,293.0264766355844,300.15,0,0,1,1
870,7000000,1,1,1,1,1,1,293.0264766355844,300.15,0,0,1,1
875,7000000,1,1,1,1,1,1,293.0264766355844,300.15,0,0,1,1
880,7000000,1,1,1,1,1,1,293.0264766355844,300.15,0,0,1,1
885,7000000,1,1,1,1,1,1,293.0264766355844,300.15,0,0,1,1
890,7000000,1,1,1,1,1,1,293.0264766355844,300.15,0,0,1,1
895,7000000,1,1,1,1,1,1,293.0264766355844,300.15,0,0,1,1
900,7000000,1,1,1,1,1,1,293.0264766355844,300.15,0,0,1,1
905,7000000,1,1,1,1,1,1,293.0264766355844,300.15,0,0,1,1
910,7000000,1,1,1,1,1,1,293.0264766355844,300.15,0,0,1,1
915,7000000,1,1,1,1,1,1,293.0264766355844,300.15,0,0,1,1
920,7000000,1,1,1,1,1,1,293.0264766355844,300.15,0,0,1,1
925,7000000,1,1,1,1,1,1,293.0264766355844,300.15,0,0,1,1
930,7000000,1,1,1,1,1,1,293.0264766355844,300.15,0,0,1,1
935,7000000,1,1,1,1,1,1,293.0264766355844,300.15,0,0,1,1
940,7000000,1,1,1,1,1,1,293.0264766355844,300.15,0,0,1,1
945,7000000,1,1,1,1,1,1,293.0264766355844,300.15,0,0,1,1
950,7000000,1,1,1,1,1,1,293.0264766355844,300.15,0,0,1,1
955,7000000,1,1,1,1,1,1,293.0264766355844,300.15,0,0,1,1
960,7000000,1,1,1,1,1,1,293.0264766355844,300.15,0,0,1,1
965,7000000,1,1,1,1,1,1,293.0264766355844,300.15,0,0,1,1
970,7000000,1,1,1,1,1,1,293.0264766355844,300.15,0,0,1,1
975,7000000,1,1,1,1,1,1,293.0264766355844,300.15,0,0,1,1
980,7000000,1,1,1,1,1,1,293.0264766355844,300.15,0,0,1,1
985,7000000,1,1,1,1,1,1,293.0264766355844,300.15,0,0,1,1
990,7000000,1,1,1,1,1,1,293.0264766355844,300.15,0,0,1,1
995,7000000,1,1,1,1,1,1,293.0264766355844,300.15,0,0,1,1
1000,7000000,1,1,1,1,1,1,293.0264766355844,300.15,0,0,1,1
1005,7000000,1,1,1,1,1,1,293.0264766355844,300.15,0,0,1,1
1010,7000000,1,1,1,1,1,1,293.0264766355844,300.15,0,0,1,1
1015,7000000,1,1,1,1,1,1,293.0264766355844,300.15,0,0,1,1
1020,7000000,1,1,1,1,1,1,293.0264766355844,300.15,0,0,1,1
1025,7000000,1,1,1,1,1,1,293.0264766355844,300.15,0,0,1,1
1030,7000000,1,1,1,1,1,1,293.0264766355844,300.15,0,0,1,1
1035,7000000,1,1,1,1,1,1,293.0264766355844,300.15,0,0,1,1
1040,7000000,1,1,1,1,1,1,293.0264766355844,300.15,0,0,1,1
1045,7000000,1,1,1,1,1,1,293.0264766355844,300.15,0,0,1,1
1050,7000000,1,1,1,1,1,1,293.0264766355844,300.15,0,0,1,1
1055,7000000,1,1,1,1,1,1,293.0264766355844,300.15,0,0,1,1
1060,7000000,1,1,1,1,1,1,293.0264766355844,300.15,0,0,1,1
1065,7000000,1,1,1,1,1,1,293.0264766355844,300.15,0,0,1,1
1070,7000000,1,1,1,1,1,1,293.0264766355844,300.15,0,0,1,1
1075,7000000,1,1,1,1,1,1,293.0264766355844,300.15,0,0,1,1
1080,7000000,1,1,1,1,1,1,293.0264766355844,300.15,0,0,1,1
1085,7000000,1,1,1,1,1,1,293.0264766355844,300.15,0,0,1,1
1090,7000000,1,1,1,1,1,1,293.0264766355844,300.15,0,0,1,1
1095,7000000,1,1,1,1,1,1,293.0264766355844,300.15,0,0,1,1
1100,7000000,1,1,1,1,1,1,293.0264766355844,300.15,0,0,1,1
1105,7000000,1,1,1,1,1,1,293.0264766355844,300.15,0,0,1,1
1110,7000000,1,1,1,1,1,1,293.0264766355844,300.15,0,0,1,1
1115,7000000,1,1,1,1,1,1,293.0264766355844,300.15,0,0,1,1
1120,7000000,1,1,1,1,1,1,293.0264766355844,300.15,0,0,1,1
1125,7000000,1,1,1,1,1,1,293.0264766355844,300.15,0,0,1,1
1130,7000000,1,1,1,1,1,1,293.0264766355844,300.15,0,0,1,1
1135,7000000,1,1,1,1,1,1,293.0264766355844,300.15,0,0,1,1
1140,7000000,1,1,1,1,1,1,293.0264766355844,300.15,0,0,1,1
1145,7000000,1,1,1,1,1,1,293.0264766355844,300.15,0,0,1,1
1150,7000000,1,1,1,1,1,1,293.0264766355844,300.15,0,0,1,1
1155,7000000,1,1,1,1,1,1,293.0264766355844,300.15,0,0,1,1
1160,7000000,1,1,1,1,1,1,293.0264766355844,300.15,0,0,1,1
1165,7000000,1,1,1,1,1,1,293.0264766355844,300.15,0,0,1,1
1170,7000000,1,1,1,1,1,1,293.0264766355844,300.15,0,0,1,1
1175,7000000,1,1,1,1,1,1,293.0264766355844,300.15,0,0,1,1
1180,7000000,1,1,1,1,1,1,293.0264766355844,300.15,0,0,1,1
1185,7000000,1,1,1,1,1,1,293.0264766355844,300.15,0,0,1,1
1190,7000000,1,1,1,1,1,1,293.0264766355844,300.15,0,0,1,1
1195,7000000,1,1,1,1,1,1,293.0264766355844,300.15,0,0,1,1
1200,7000000,1,1,1,1,1,1,293.0264766355844,300.15,0,0,1,1
1205,7000000,1,1,1,1,1,1,293.0264766355844,300.15,0,0,1,1
1210,7000000,1,1,1,1,1,1,293.0264766355844,300.15,0,0,1,1
1215,7000000,1,1,1,1,1,1,293.0264766355844,300.15,0,0,1,1
1220,7000000,1,1,1,1,1,1,293.0264766355844,300.15,0,0,1,1
1225,7000000,1,1,1,1,1,1,293.0264766355844,300.15,0,0,1,1
1230,7000000,1,1,1,1,1,1,293.0264766355844,300.15,0,0,1,1
1235,7000000,1,1,1,1,1,1,293.0264766355844,300.15,0,0,1,1
1240,7000000,1,1,1,1,1,1,293.0264766355844,300.15,0,0,1,1
1245,7000000,1,1,1,1,1,1,293.0264766355844,300.15,0,0,1,1
1250,7000000,1,1,1,1,1,1,293.0264766355844,300.15,0,0,1,1
1255,7000000,1,1,1,1,1,1,293.0264766355844,300.15,0,0,1,1
1260,7000000,1,1,1,1,1,1,293.0264766355844,300.15,0,0,1,1
1265,7000000,1,1,1,1,1,1,293.0264766355844,300.15,0,0,1,1
1270,7000000,1,1,1,1,1,1,293.0264766355844,300.15,0,0,1,1
1275,7000000,1,1,1,1,1,1,293.0264766355844,300.15,0,0,1,1
1280,7000000,1,1,1,1,1,1,293.0264766355844,300.15,0,0,1,1
1285,7000000,1,1,1,1,1,1,293.0264766355844,300.15,0,0,1,1
1290,7000000,1,1,1,1,1,1,293.0264766355844,300.15,0,0,1,1
1295,7000000,1,1,1,1,1,1,293.0264766355844,300.15,0,0,1,1
1300,7000000,1,1,1,1,1,1,293.0264766355844,300.15,0,0,1,1
1305,7000000,1,1,1,1,1,1,293.0264766355844,300.15,0,0,1,1
1310,7000000,1,1,1,1,1,1,293.0264766355844,300.15,0,0,1,1
1315,7000000,1,1,1,1,1,1,293.0264766355844,300.15,0,0,1,1
1320,7000000,1,1,1,1,1,1,293.0264766355844,300.15,0,0,1,1
1325,7000000,1,1,1,1,1,1,293.0264766355844,300.15,0,0,1,1
1330,7000000,1,1,1,1,1,1,293.0264766355844,300.15,0,0,1,1
1335,7000000,1,1,1,1,1,1,293.0264766355844,300.15,0,0,1,1
1340,7000000,1,1,1,1,1,1,293.0264766355844,300.15,0,0,1,1
1345,7000000,1,1,1,1,1,1,293.0264766355844,300.15,0,0,1,1
1350,7000000,1,1,1,1,1,1,293.0264766355844,300.15,0,0,1,1
1355,7000000,1,1,1,1,1,1,293.0264766355844,300.15,0,0,1,1
1360,7000000,1,1,1,1,1,1,293.0264766355844,300.15,0,0,1,1
1365,7000000,1,1,1,1,1,1,293.0264766355844,300.15,0,0,1,1
1370,7000000,1,1,1,1,1,1,293.0264766355844,300.15,0,0,1,1
1375,7000000,1,1,1,1,1,1,293.0264766355844,300.15,0,0,1,1
1380,7000000,1,1,1,1,1,1,293.0264766355844,300.15,0,0,1,1
1385,7000000,1,1,1,1,1,1,293.0264766355844,300.15,0,0,1,1
1390,7000000,1,1,1,1,1,1,293.0264766355844,300.15,0,0,1,1
1395,7000000,1,1,1,1,1,1,293.0264766355844,300.15,0,0,1,1
1400,7000000,1,1,1,1,1,1,293.0264766355844,300.15,0,0,1,1
1405,7000000,1,1,1,1,1,1,293.0264766355844,300.15,0,0,1,1
1410,7000000,1,1,1,1,1,1,293.0264766355844,300.15,0,0,1,1
1415,7000000,1,1,1,1,1,1,293.0264766355844,300.15,0,0,1,1
1420,7000000,1,1,1,1,1,1,293.0264766355844,300.15,0,0,1,1
1425,7000000,1,1,1,1,1,1,293.0264766355844,300.15,0,0,1,1
1430,7000000,1,1,1,1,1,1,293.0264766355844,300.15,0,0,1,1
1435,7000000,1,1,1,1,1,1,293.0264766355844,300.15,0,0,1,1
1440,7000000,1,1,1,1,1,1,293.0264766355844,300.15,0,0,1,1
1445,7000000,1,1,1,1,1,1,293.0264766355844,300.15,0,0,1,1
1450,7000000,1,1,1,1,1,1,293.0264766355844,300.15,0,0,1,1
1455,7000000,1,1,1,1,1,1,293.0264766355844,300.15,0,0,1,1
1460,7000000,1,1,1,1,1,1,293.0264766355844,300.15,0,0,1,1
1465,7000000,1,1,1,1,1,1,293.0264766355844,300.15,0,0,1,1
1470,7000000,1,1,1,1,1,1,293.0264766355844,300.15,0,0,1,1
1475,7000000,1,1,1,1,1,1,293.0264766355844,300.15,0,0,1,1
1480,7000000,1,1,1,1,1,1,293.0264766355844,300.15,0,0,1,1
1485,7000000,1,1,1,1,1,1,293.0264766355844,300.15,0,0,1,1
1490,7000000,1,1,1,1,1,1,293.0264766355844,300.15,0,0,1,1
1495,7000000,1,1,1,1,1,1,293.0264766355844,300.15,0,0,1,1
1500,7000000,1,1,1,1,1,1,293.0264766355844,300.15,0,0,1,1
1505,7000000,1,1,1,1,1,1,293.0264766355844,300.15,0,0,1,1
1510,7000000,1,1,1,1,1,1,293.0264766355844,300.15,0,0,1,1
1515,7000000,1,1,1,1,1,1,293.0264766355844,300.15,0,0,1,1
1520,7000000,1,1,1,1,1,1,293.0264766355844,300.15,0,0,1,1
1525,7000000,1,1,1,1,1,1,293.0264766355844,300.15,0,0,1,1
1530,7000000,1,1,1,1,1,1,293.0264766355844,300.15,0,0,1,1
1535,7000000,1,1,1,1,1,1,293.0264766355844,300.15,0,0,1,1
1540,7000000,1,1,1,1,1,1,293.0264766355844,300.15,0,0,1,1
1545,7000000,1,1,1,1,1,1,293.0264766355844,300.15,0,0,1,1
1550,7000000,1,1,1,1,1,1,293.0264766355844,300.15,0,0,1,1
1555,7000000,1,1,1,1,1,1,293.0264766355844,300.15,0,0,1,1
1560,7000000,1,1,1,1,1,1,293.0264766355844,300.15,0,0,1,1
1565,7000000,1,1,1,1,1,1,293.0264766355844,300.15,0,0,1,1
1570,7000000,1,1,1,1,1,1,293.0264766355844,300.15,0,0,1,1
1575,7000000,1,1,1,1,1,1,293.0264766355844,300.15,0,0,1,1
1580,7000000,1,1,1,1,1,1,293.0264766355844,300.15,0,0,1,1
1585,7000000,1,1,1,1,1,1,293.0264766355844,300.15,0,0,1,1
1590,7000000,1,1,1,1,1,1,293.0264766355844,300.15,0,0,1,1
1595,7000000,1,1,1,1,1,1,293.0264766355844,300.15,0,0,1,1
1600,7000000,1,1,1,1,1,1,293.0264766355844,300.15,0,0,1,1
1605,7000000,1,1,1,1,1,1,293.0264766355844,300.15,0,0,1,1
1610,7000000,1,1,1,1,1,1,293.0264766355844,300.15,0,0,1,1
1615,7000000,1,1,1,1,1,1,293.0264766355844,300.15,0,0,1,1
1620,7000000,1,1,1,1,1,1,293.0264766355844,300.15,0,0,1,1
1625,7000000,1,1,1,1,1,1,293.0264766355844,300.15,0,0,1,1
1630,7000000,1,1,1,1,1,1,293.0264766355844,300.15,0,0,1,1
1635,7000000,1,1,1,1,1,1,293.0264766355844,300.15,0,0,1,1
1640,7000000,1,1,1,1,1,1,293.0264766355844,300.15,0,0,1,1
1645,7000000,1,1,1,1,1,1,293.0264766355844,300.15,0,0,1,1
1650,7000000,1,1,1,1,1,1,293.0264766355844,300.15,0,0,1,1
1655,7000000,1,1,1,1,1,1,293.0264766355844,300.15,0,0,1,1
1660,7000000,1,1,1,1,1,1,293.0264766355844,300.15,0,0,1,1
1665,7000000,1,1,1,1,1,1,293.0264766355844,300.15,0,0,1,1
1670,7000000,1,1,1,1,1,1,293.0264766355844,300.15,0,0,1,1
1675,7000000,1,1,1,1,1,1,293.0264766355844,300.15,0,0,1,1
1680,7000000,1,1,1,1,1,1,293.0264766355844,300.15,0,0,1,1
1685,7000000,1,1,1,1,1,1,293.0264766355844,300.15,0,0,1,1
1690,7000000,1,1,1,1,1,1,293.0264766355844,300.15,0,0,1,1
1695,7000000,1,1,1,1,1,1,293.0264766355844,300.15,0,0,1,1
1700,7000000,1,1,1,1,1,1,293.0264766355844,300.15,0,0,1,1
1705,7000000,1,1,1,1,1,1,293.0264766355844,300.15,0,0,1,1
1710,7000000,1,1,1,1,1,1,293.0264766355844,300.15,0,0,1,1
1715,7000000,1,1,1,1,1,1,293.0264766355844,300.15,0,0,1,1
1720,7000000,1,1,1,1,1,1,293.0264766355844,300.15,0,0,1,1
1725,7000000,1,1,1,1,1,1,293.0264766355844,300.15,0,0,1,1
1730,7000000,1,1,1,1,1,1,293.0264766355844,300.15,0,0,1,1
1735,7000000,1,1,1,1,1,1,293.0264766355844,300.15,0,0,1,1
1740,7000000,1,1,1,1,1,1,293.0264766355844,300.15,0,0,1,1
1745,7000000,1,1,1,1,1,1,293.0264766355844,300.15,0,0,1,1
1750,7000000,1,1,1,1,1,1,293.0264766355844,300.15,0,0,1,1
1755,7000000,1,1,1,1,1,1,293.0264766355844,300.15,0,0,1,1
1760,7000000,1,1,1,1,1,1,293.0264766355844,300.15,0,0,1,1
1765,7000000,1,1,1,1,1,1,293.0264766355844,300.15,0,0,1,1
1770,7000000,1,1,1,1,1,1,293.0264766355844,300.15,0,0,1,1
1775,7000000,1,1,1,1,1,1,293.0264766355844,300.15,0,0,1,1
1780,7000000,1,1,1,1,1,1,293.0264766355844,300.15,0,0,1,1
1785,7000000,1,1,1,1,1,1,293.0264766355844,300.15,0,0,1,1
1790,7000000,1,1,1,1,1,1,293.0264766355844,300.15,0,0,1,1
1795,7000000,1,1,1,1,1,1,293.0264766355844,300.15,0,0,1,1
1800,7000000,1,1,1,1,1,1,293.0264766355844,300.15,0,0,1,1
1805,7000000,1,1,1,1,1,1,293.0264766355844,300.15,0,0,1,1
1810,7000000,1,1,1,1,1,1,293.0264766355844,300.15,0,0,1,1
1815,7000000,1,1,1,1,1,1,293.0264766355844,300.15,0,0,1,1
1820,7000000,1,1,1,1,1,1,293.0264766355844,300.15,0,0,1,1
1825,7000000,1,1,1,1,1,1,293.0264766355844,300.15,0,0,1,1
1830,7000000,1,1,1,1,1,1,293.0264766355844,300.15,0,0,1,1
1835,7000000,1,1,1,1,1,1,293.0264766355844,300.15,0,0,1,1
1840,7000000,1,1,1,1,1,1,293.0264766355844,300.15,0,0,1,1
1845,7000000,1,1,1,1,1,1,293.0264766355844,300.15,0,0,1,1
1850,7000000,1,1,1,1,1,1,293.0264766355844,300.15,0,0,1,1
1855,7000000,1,1,1,1,1,1,293.0264766355844,300.15,0,0,1,1
1860,7000000,1,1,1,1,1,1,293.0264766355844,300.15,0,0,1,1
1865,7000000,1,1,1,1,1,1,293.0264766355844,300.15,0,0,1,1
1870,7000000,1,1,1,1,1,1,293.0264766355844,300.15,0,0,1,1
1875,7000000,1,1,1,1,1,1,293.0264766355844,300.15,0,0,1,1
1880,7000000,1,1,1,1,1,1,293.0264766355844,300.15,0,0,1,1
1885,7000000,1,1,1,1,1,1,293.0264766355844,300.15,0,0,1,1
1890,7000000,1,1,1,1,1,1,293.0264766355844,300.15,0,0,1,1
1895,7000000,1,1,1,1,1,1,293.0264766355844,300.15,0,0,1,1
1900,7000000,1,1,1,1,1,1,293.0264766355844,300.15,0,0,1,1
1905,7000000,1,1,1,1,1,1,293.0264766355844,300.15,0,0,1,1
1910,7000000,1,1,1,1,1,1,293.0264766355844,300.15,0,0,1,1
1915,7000000,1,1,1,1,1,1,293.0264766355844,300.15,0,0,1,1
1920,7000000,1,1,1,1,1,1,293.0264766355844,300.15,0,0,1,1
1925,7000000,1,1,1,1,1,1,293.0264766355844,300.15,0,0,1,1
1930,7000000,1,1,1,1,1,1,293.0264766355844,300.15,0,0,1,1
1935,7000000,1,1,1,1,1,1,293.0264766355844,300.15,0,0,1,1
1940,7000000,1,1,1,1,1,1,293.0264766355844,300.15,0,0,1,1
1945,7000000,1,1,1,1,1,1,293.0264766355844,300.15,0,0,1,1
1950,7000000,1,1,1,1,1,1,293.0264766355844,300.15,0,0,1,1
1955,7000000,1,1,1,1,1,1,293.0264766355844,300.15,0,0,1,1
1960,7000000,1,1,1,1,1,1,293.0264766355844,300.15,0,0,1,1
1965,7000000,1,1,1,1,1,1,293.0264766355844,300.15,0,0,1,1
1970,7000000,1,1,1,1,1,1,293.0264766355844,300.15,0,0,1,1
1975,7000000,1,1,1,1,1,1,293.0264766355844,300.15,0,0,1,1
1980,7000000,1,1,1,1,1,1,293.0264766355844,300.15,0,0,1,1
1985,7000000,1,1,1,1,1,1,293.0264766355844,300.15,0,0,1,1
1990,7000000,1,1,1,1,1,1,293.0264766355844,300.15,0,0,1,1
1995,7000000,1,1,1,1,1,1,293.0264766355844,300.15,0,0,1,1
2000,7000000,1,1,1,1,1,1,293.0264766355844,300.15,0,0,1,1
2005,7000000,1,1,1,1,1,1,293.0264766355844,300.15,0,0,1,1
2010,7000000,1,1,1,1,1,1,293.0264766355844,300.15,0,0,1,1
2015,7000000,1,1,1,1,1,1,293.0264766355844,300.15,0,0,1,1
2020,7000000,1,1,1,1,1,1,293.0264766355844,300.15,0,0,1,1
2025,7000000,1,1,1,1,1,1,293.0264766355844,300.15,0,0,1,1
2030,7000000,1,1,1,1,1,1,293.0264766355844,300.15,0,0,1,1
2035,7000000,1,1,1,1,1,1,293.0264766355844,300.15,0,0,1,1
2040,7000000,1,1,1,1,1,1,293.0264766355844,300.15,0,0,1,1
2045,7000000,1,1,1,1,1,1,293.0264766355844,300.15,0,0,1,1
2050,7000000,1,1,1,1,1,1,293.0264766355844,300.15,0,0,1,1
2055,7000000,1,1,1,1,1,1,293.0264766355844,300.15,0,0,1,1
2060,7000000,1,1,1,1,1,1,293.0264766355844,300.15,0,0,1,1
2065,7000000,1,1,1,1,1,1,293.0264766355844,300.15,0,0,1,1
2070,7000000,1,1,1,1,1,1,293.0264766355844,300.15,0,0,1,1
2075,7000000,1,1,1,1,1,1,293.0264766355844,300.15,0,0,1,1
2080,7000000,1,1,1,1,1,1,293.0264766355844,300.15,0,0,1,1
2085,7000000,1,1,1,1,1,1,293.0264766355844,300.15,0,0,1,1
2090,7000000,1,1,1,1,1,1,293.0264766355844,300.15,0,0,1,1
2095,7000000,1,1,1,1,1,1,293.0264766355844,300.15,0,0,1,1
2100,7000000,1,1,1,1,1,1,293.0264766355844,300.15,0,0,1,1
2105,7000000,1,1,1,1,1,1,293.0264766355844,300.15,0,0,1,1
2110,7000000,1,1,1,1,1,1,293.0264766355844,300.15,0,0,1,1
2115,7000000,1,1,1,1,1,1,293.0264766355844,300.15,0,0,1,1
2120,7000000,1,1,1,1,1,1,293.0264766355844,300.15,0,0,1,1
2125,7000000,1,1,1,1,1,1,293.0264766355844,300.15,0,0,1,1
2130,7000000,1,1,1,1,1,1,293.0264766355844,300.15,0,0,1,1
2135,7000000,1,1,1,1,1,1,293.0264766355844,300.15,0,0,1,1
2140,7000000,1,1,1,1,1,1,293.0264766355844,300.15,0,0,1,1
2145,7000000,1,1,1,1,1,1,293.0264766355844,300.15,0,0,1,1
2150,7000000,1,1,1,1,1,1,293.0264766355844,300.15,0,0,1,1
2155,7000000,1,1,1,1,1,1,293.0264766355844,300.15,0,0,1,1
2160,7000000,1,1,1,1,1,1,293.0264766355844,300.15,0,0,1,1
2165,7000000,1,1,1,1,1,1,293.0264766355844,300.15,0,0,1,1
2170,7000000,1,1,1,1,1,1,293.0264766355844,300.15,0,0,1,1
2175,7000000,1,1,1,1,1,1,293.0264766355844,300.15,0,0,1,1
2180,7000000,1,1,1,1,1,1,293.0264766355844,300.15,0,0,1,1
2185,7000000,1,1,1,1,1,1,293.0264766355844,300.15,0,0,1,1
2190,7000000,1,1,1,1,1,1,293.0264766355844,300.15,0,0,1,1
2195,7000000,1,1,1,1,1,1,293.0264766355844,300.15,0,0,1,1
2200,7000000,1,1,1,1,1,1,293.0264766355844,300.15,0,0,1,1
2205,7000000,1,1,1,1,1,1,293.0264766355844,300.15,0,0,1,1
2210,7000000,1,1,1,1,1,1,293.0264766355844,300.15,0,0,1,1
2215,7000000,1,1,1,1,1,1,293.0264766355844,300.15,0,0,1,1
2220,7000000,1,1,1,1,1,1,293.0264766355844,300.15,0,0,1,1
2225,7000000,1,1,1,1,1,1,293.0264766355844,300.15,0,0,1,1
2230,7000000,1,1,1,1,1,1,293.0264766355844,300.15,0,0,1,1
2235,7000000,1,1,1,1,1,1,293.0264766355844,300.15,0,0,1,1
2240,7000000,1,1,1,1,1,1,293.0264766355844,300.15,0,0,1,1
2245,7000000,1,1,1,1,1,1,293.0264766355844,300.15,0,0,1,1
2250,7000000,1,1,1,1,1,1,293.0264766355844,300.15,0,0,1,1
2255,7000000,1,1,1,1,1,1,293.0264766355844,300.15,0,0,1,1
2260,7000000,1,1,1,1,1,1,293.0264766355844,300.15,0,0,1,1
2265,7000000,1,1,1,1,1,1,293.0264766355844,300.15,0,0,1,1
2270,7000000,1,1,1,1,1,1,293.0264766355844,300.15,0,0,1,1
2275,7000000,1,1,1,1,1,1,293.0264766355844,300.15,0,0,1,1
2280,7000000,1,1,1,1,1,1,293.0264766355844,300.15,0,0,1,1
2285,7000000,1,1,1,1,1,1,293.0264766355844,300.15,0,0,1,1
2290,7000000,1,1,1,1,1,1,293.0264766355844,300.15,0,0,1,1
2295,7000000,1,1,1,1,1,1,293.0264766355844,300.15,0,0,1,1
2300,7000000,1,1,1,1,1,1,293.0264766355844,300.15,0,0,1,1
2305,7000000,1,1,1,1,1,1,293.0264766355844,300.15,0,0,1,1
2310,7000000,1,1,1,1,1,1,293.0264766355844,300.15,0,0,1,1
2315,7000000,1,1,1,1,1,1,293.0264766355844,300.15,0,0,1,1
2320,7000000,1,1,1,1,1,1,293.0264766355844,300.15,0,0,1,1
2325,7000000,1,1,1,1,1,1,293.0264766355844,300.15,0,0,1,1
2330,7000000,1,1,1,1,1,1,293.0264766355844,300.15,0,0,1,1
2335,7000000,1,1,1,1,1,1,293.0264766355844,300.15,0,0,1,1
2340,7000000,1,1,1,1,1,1,293.0264766355844,300.15,0,0,1,1
2345,7000000,1,1,1,1,1,1,293.0264766355844,300.15,0,0,1,1
2350,7000000,1,1,1,1,1,1,293.0264766355844,300.15,0,0,1,1
2355,7000000,1,1,1,1,1,1,293.0264766355844,300.15,0,0,1,1
2360,7000000,1,1,1,1,1,1,293.0264766355844,300.15,0,0,1,1
2365,7000000,1,1,1,1,1,1,293.0264766355844,300.15,0,0,1,1
2370,7000000,1,1,1,1,1,1,293.0264766355844,300.15,0,0,1,1
2375,7000000,1,1,1,1,1,1,293.0264766355844,300.15,0,0,1,1
2380,7000000,1,1,1,1,1,1,293.0264766355844,300.15,0,0,1,1
2385,7000000,1,1,1,1,1,1,293.0264766355844,300.15,0,0,1,1
2390,7000000,1,1,1,1,1,1,293.0264766355844,300.15,0,0,1,1
2395,7000000,1,1,1,1,1,1,293.0264766355844,300.15,0,0,1,1
2400,7000000,1,1,1,1,1,1,293.0264766355844,300.15,0,0,1,1
2405,7000000,1,1,1,1,1,1,293.0264766355844,300.15,0,0,1,1
2410,7000000,1,1,1,1,1,1,293.0264766355844,300.15,0,0,1,1
2415,7000000,1,1,1,1,1,1,293.0264766355844,300.15,0,0,1,1
2420,7000000,1,1,1,1,1,1,293.0264766355844,300.15,0,0,1,1
2425,7000000,1,1,1,1,1,1,293.0264766355844,300.15,0,0,1,1
2430,7000000,1,1,1,1,1,1,293.0264766355844,300.15,0,0,1,1
2435,7000000,1,1,1,1,1,1,293.0264766355844,300.15,0,0,1,1
2440,7000000,1,1,1,1,1,1,293.0264766355844,300.15,0,0,1,1
2445,7000000,1,1,1,1,1,1,293.0264766355844,300.15,0,0,1,1
2450,7000000,1,1,1,1,1,1,293.0264766355844,300.15,0,0,1,1
2455,7000000,1,1,1,1,1,1,293.0264766355844,300.15,0,0,1,1
2460,7000000,1,1,1,1,1,1,293.0264766355844,300.15,0,0,1,1
2465,7000000,1,1,1,1,1,1,293.0264766355844,300.15,0,0,1,1
2470,7000000,1,1,1,1,1,1,293.0264766355844,300.15,0,0,1,1
2475,7000000,1,1,1,1,1,1,293.0264766355844,300.15,0,0,1,1
2480,7000000,1,1,1,1,1,1,293.0264766355844,300.15,0,0,1,1
2485,7000000,1,1,1,1,1,1,293.0264766355844,300.15,0,0,1,1
2490,7000000,1,1,1,1,1,1,293.0264766355844,300.15,0,0,1,1
2495,7000000,1,1,1,1,1,1,293.0264766355844,300.15,0,0,1,1
2500,7000000,1,1,1,1,1,1,293.0264766355844,300.15,0,0,1,1
2505,7000000,1,1,1,1,1,1,293.0264766355844,300.15,0,0,1,1
2510,7000000,1,1,1,1,1,1,293.0264766355844,300.15,0,0,1,1
2515,7000000,1,1,1,1,1,1,293.0264766355844,300.15,0,0,1,1
2520,7000000,1,1,1,1,1,1,293.0264766355844,300.15,0,0,1,1
2525,7000000,1,1,1,1,1,1,293.0264766355844,300.15,0,0,1,1
2530,7000000,1,1,1,1,1,1,293.0264766355844,300.15,0,0,1,1
2535,7000000,1,1,1,1,1,1,293.0264766355844,300.15,0,0,1,1
2540,7000000,1,1,1,1,1,1,293.0264766355844,300.15,0,0,1,1
2545,7000000,1,1,1,1,1,1,293.0264766355844,300.15,0,0,1,1
2550,7000000,1,1,1,1,1,1,293.0264766355844,300.15,0,0,1,1
2555,7000000,1,1,1,1,1,1,293.0264766355844,300.15,0,0,1,1
2560,7000000,1,1,1,1,1,1,293.0264766355844,300.15,0,0,1,1
2565,7000000,1,1,1,1,1,1,293.0264766355844,300.15,0,0,1,1
2570,7000000,1,1,1,1,1,1,293.0264766355844,300.15,0,0,1,1
2575,7000000,1,1,1,1,1,1,293.0264766355844,300.15,0,0,1,1
2580,7000000,1,1,1,1,1,1,293.0264766355844,300.15,0,0,1,1
2585,7000000,1,1,1,1,1,1,293.0264766355844,300.15,0,0,1,1
2590,7000000,1,1,1,1,1,1,293.0264766355844,300.15,0,0,1,1
2595,7000000,1,1,1,1,1,1,293.0264766355844,300.15,0,0,1,1
2600,7000000,1,1,1,1,1,1,293.0264766355844,300.15,0,0,1,1
2605,7000000,1,1,1,1,1,1,293.0264766355844,300.15,0,0,1,1
2610,7000000,1,1,1,1,1,1,293.0264766355844,300.15,0,0,1,1
2615,7000000,1,1,1,1,1,1,293.0264766355844,300.15,0,0,1,1
2620,7000000,1,1,1,1,1,1,293.0264766355844,300.15,0,0,1,1
2625,7000000,1,1,1,1,1,1,293.0264766355844,300.15,0,0,1,1
2630,7000000,1,1,1,1,1,1,293.0264766355844,300.15,0,0,1,1
2635,7000000,1,1,1,1,1,1,293.0264766355844,300.15,0,0,1,1
2640,7000000,1,1,1,1,1,1,293.0264766355844,300.15,0,0,1,1
2645,7000000,1,1,1,1,1,1,293.0264766355844,300.15,0,0,1,1
2650,7000000,1,1,1,1,1,1,293.0264766355844,300.15,0,0,1,1
2655,7000000,1,1,1,1,1,1,293.0264766355844,300.15,0,0,1,1
2660,7000000,1,1,1,1,1,1,293.0264766355844,300.15,0,0,1,1
2665,7000000,1,1,1,1,1,1,293.0264766355844,300.15,0,0,1,1
2670,7000000,1,1,1,1,1,1,293.0264766355844,300.15,0,0,1,1
2675,7000000,1,1,1,1,1,1,293.0264766355844,300.15,0,0,1,1
2680,7000000,1,1,1,1,1,1,293.0264766355844,300.15,0,0,1,1
2685,7000000,1,1,1,1,1,1,293.0264766355844,300.15,0,0,1,1
2690,7000000,1,1,1,1,1,1,293.0264766355844,300.15,0,0,1,1
2695,7000000,1,1,1,1,1,1,293.0264766355844,300.15,0,0,1,1
2700,7000000,1,1,1,1,1,1,293.0264766355844,300.15,0,0,1,1
2705,7000000,1,1,1,1,1,1,293.0264766355844,300.15,0,0,1,1
2710,7000000,1,1,1,1,1,1,293.0264766355844,300.15,0,0,1,1
2715,7000000,1,1,1,1,1,1,293.0264766355844,300.15,0,0,1,1
2720,7000000,1,1,1,1,1,1,293.0264766355844,300.15,0,0,1,1
2725,7000000,1,1,1,1,1,1,293.0264766355844,300.15,0,0,1,1
2730,7000000,1,1,1,1,1,1,293.0264766355844,300.15,0,0,1,1
2735,7000000,1,1,1,1,1,1,293.0264766355844,300.15,0,0,1,1
2740,7000000,1,1,1,1,1,1,293.0264766355844,300.15,0,0,1,1
2745,7000000,1,1,1,1,1,1,293.0264766355844,300.15,0,0,1,1
2750,7000000,1,1,1,1,1,1,293.0264766355844,300.15,0,0,1,1
2755,7000000,1,1,1,1,1,1,293.0264766355844,300.15,0,0,1,1
2760,7000000,1,1,1,1,1,1,293.0264766355844,300.15,0,0,1,1
2765,7000000,1,1,1,1,1,1,293.0264766355844,300.15,0,0,1,1
2770,7000000,1,1,1,1,1,1,293.0264766355844,300.15,0,0,1,1
2775,7000000,1,1,1,1,1,1,293.0264766355844,300.15,0,0,1,1
2780,7000000,1,1,1,1,1,1,293.0264766355844,300.15,0,0,1,1
2785,7000000,1,1,1,1,1,1,293.0264766355844,300.15,0,0,1,1
2790,7000000,1,1,1,1,1,1,293.0264766355844,300.15,0,0,1,1
2795,7000000,1,1,1,1,1,1,293.0264766355844,300.15,0,0,1,1
2800,7000000,1,1,1,1,1,1,293.0264766355844,300.15,0,0,1,1
2805,7000000,1,1,1,1,1,1,293.0264766355844,300.15,0,0,1,1
2810,7000000,1,1,1,1,1,1,293.0264766355844,300.15,0,0,1,1
2815,7000000,1,1,1,1,1,1,293.0264766355844,300.15,0,0,1,1
2820,7000000,1,1,1,1,1,1,293.0264766355844,300.15,0,0,1,1
2825,7000000,1,1,1,1,1,1,293.0264766355844,300.15,0,0,1,1
2830,7000000,1,1,1,1,1,1,293.0264766355844,300.15,0,0,1,1
2835,7000000,1,1,1,1,1,1,293.0264766355844,300.15,0,0,1,1
2840,7000000,1,1,1,1,1,1,293.0264766355844,300.15,0,0,1,1
2845,7000000,1,1,1,1,1,1,293.0264766355844,300.15,0,0,1,1
2850,7000000,1,1,1,1,1,1,293.0264766355844,300.15,0,0,1,1
2855,7000000,1,1,1,1,1,1,293.0264766355844,300.15,0,0,1,1
2860,7000000,1,1,1,1,1,1,293.0264766355844,300.15,0,0,1,1
2865,7000000,1,1,1,1,1,1,293.0264766355844,300.15,0,0,1,1
2870,7000000,1,1,1,1,1,1,293.0264766355844,300.15,0,0,1,1
2875,7000000,1,1,1,1,1,1,293.0264766355844,300.15,0,0,1,1
2880,7000000,1,1,1,1,1,1,293.0264766355844,300.15,0,0,1,1
2885,7000000,1,1,1,1,1,1,293.0264766355844,300.15,0,0,1,1
2890,7000000,1,1,1,1,1,1,293.0264766355844,300.15,0,0,1,1
2895,7000000,1,1,1,1,1,1,293.0264766355844,300.15,0,0,1,1
2900,7000000,1,1,1,1,1,1,293.0264766355844,300.15,0,0,1,1
2905,7000000,1,1,1,1,1,1,293.0264766355844,300.15,0,0,1,1
2910,7000000,1,1,1,1,1,1,293.0264766355844,300.15,0,0,1,1
2915,7000000,1,1,1,1,1,1,293.0264766355844,300.15,0,0,1,1
2920,7000000,1,1,1,1,1,1,293.0264766355844,300.15,0,0,1,1
2925,7000000,1,1,1,1,1,1,293.0264766355844,300.15,0,0,1,1
2930,7000000,1,1,1,1,1,1,293.0264766355844,300.15,0,0,1,1
2935,7000000,1,1,1,1,1,1,293.0264766355844,300.15,0,0,1,1
2940,7000000,1,1,1,1,1,1,293.0264766355844,300.15,0,0,1,1
2945,7000000,1,1,1,1,1,1,293.0264766355844,300.15,0,0,1,1
2950,7000000,1,1,1,1,1,1,293.0264766355844,300.15,0,0,1,1
2955,7000000,1,1,1,1,1,1,293.0264766355844,300.15,0,0,1,1
2960,7000000,1,1,1,1,1,1,293.0264766355844,300.15,0,0,1,1
2965,7000000,1,1,1,1,1,1,293.0264766355844,300.15,0,0,1,1
2970,7000000,1,1,1,1,1,1,293.0264766355844,300.15,0,0,1,1
2975,7000000,1,1,1,1,1,1,293.0264766355844,300.15,0,0,1,1
2980,7000000,1,1,1,1,1,1,293.0264766355844,300.15,0,0,1,1
2985,7000000,1,1,1,1,1,1,293.0264766355844,300.15,0,0,1,1
2990,7000000,1,1,1,1,1,1,293.0264766355844,300.15,0,0,1,1
2995,7000000,1,1,1,1,1,1,293.0264766355844,300.15,0,0,1,1
3000,7000000,1,1,1,1,1,1,293.0264766355844,300.15,0,0,1,1
3005,7000000,1,1,1,1,1,1,293.0264766355844,300.15,0,0,1,1
3010,7000000,1,1,1,1,1,1,293.0264766355844,300.15,0,0,1,1
3015,7000000,1,1,1,1,1,1,293.0264766355844,300.15,0,0,1,1
3020,7000000,1,1,1,1,1,1,293.0264766355844,300.15,0,0,1,1
3025,7000000,1,1,1,1,1,1,293.0264766355844,300.15,0,0,1,1
3030,7000000,1,1,1,1,1,1,293.0264766355844,300.15,0,0,1,1
3035,7000000,1,1,1,1,1,1,293.0264766355844,300.15,0,0,1,1
3040,7000000,1,1,1,1,1,1,293.0264766355844,300.15,0,0,1,1
3045,7000000,1,1,1,1,1,1,293.0264766355844,300.15,0,0,1,1
3050,7000000,1,1,1,1,1,1,293.0264766355844,300.15,0,0,1,1
3055,7000000,1,1,1,1,1,1,293.0264766355844,300.15,0,0,1,1
3060,7000000,1,1,1,1,1,1,293.0264766355844,300.15,0,0,1,1
3065,7000000,1,1,1,1,1,1,293.0264766355844,300.15,0,0,1,1
3070,7000000,1,1,1,1,1,1,293.0264766355844,300.15,0,0,1,1
3075,7000000,1,1,1,1,1,1,293.0264766355844,300.15,0,0,1,1
3080,7000000,1,1,1,1,1,1,293.0264766355844,300.15,0,0,1,1
3085,7000000,1,1,1,1,1,1,293.0264766355844,300.15,0,0,1,1
3090,7000000,1,1,1,1,1,1,293.0264766355844,300.15,0,0,1,1
3095,7000000,1,1,1,1,1,1,293.0264766355844,300.15,0,0,1,1
3100,7000000,1,1,1,1,1,1,293.0264766355844,300.15,0,0,1,1
3105,7000000,1,1,1,1,1,1,293.0264766355844,300.15,0,0,1,1
3110,7000000,1,1,1,1,1,1,293.0264766355844,300.15,0,0,1,1
3115,7000000,1,1,1,1,1,1,293.0264766355844,300.15,0,0,1,1
3120,7000000,1,1,1,1,1,1,293.0264766355844,300.15,0,0,1,1
3125,7000000,1,1,1,1,1,1,293.0264766355844,300.15,0,0,1,1
3130,7000000,1,1,1,1,1,1,293.0264766355844,300.15,0,0,1,1
3135,7000000,1,1,1,1,1,1,293.0264766355844,300.15,0,0,1,1
3140,7000000,1,1,1,1,1,1,293.0264766355844,300.15,0,0,1,1
3145,7000000,1,1,1,1,1,1,293.0264766355844,300.15,0,0,1,1
3150,7000000,1,1,1,1,1,1,293.0264766355844,300.15,0,0,1,1
3155,7000000,1,1,1,1,1,1,293.0264766355844,300.15,0,0,1,1
3160,7000000,1,1,1,1,1,1,293.0264766355844,300.15,0,0,1,1
3165,7000000,1,1,1,1,1,1,293.0264766355844,300.15,0,0,1,1
3170,7000000,1,1,1,1,1,1,293.0264766355844,300.15,0,0,1,1
3175,7000000,1,1,1,1,1,1,293.0264766355844,300.15,0,0,1,1
3180,7000000,1,1,1,1,1,1,293.0264766355844,300.15,0,0,1,1
3185,7000000,1,1,1,1,1,1,293.0264766355844,300.15,0,0,1,1
3190,7000000,1,1,1,1,1,1,293.0264766355844,300.15,0,0,1,1
3195,7000000,1,1,1,1,1,1,293.0264766355844,300.15,0,0,1,1
3200,7000000,1,1,1,1,1,1,293.0264766355844,300.15,0,0,1,1
3205,7000000,1,1,1,1,1,1,293.0264766355844,300.15,0,0,1,1
3210,7000000,1,1,1,1,1,1,293.0264766355844,300.15,0,0,1,1
3215,7000000,1,1,1,1,1,1,293.0264766355844,300.15,0,0,1,1
3220,7000000,1,1,1,1,1,1,293.0264766355844,300.15,0,0,1,1
3225,7000000,1,1,1,1,1,1,293.0264766355844,300.15,0,0,1,1
3230,7000000,1,1,1,1,1,1,293.0264766355844,300.15,0,0,1,1
3235,7000000,1,1,1,1,1,1,293.0264766355844,300.15,0,0,1,1
3240,7000000,1,1,1,1,1,1,293.0264766355844,300.15,0,0,1,1
3245,7000000,1,1,1,1,1,1,293.0264766355844,300.15,0,0,1,1
3250,7000000,1,1,1,1,1,1,293.0264766355844,300.15,0,0,1,1
3255,7000000,1,1,1,1,1,1,293.0264766355844,300.15,0,0,1,1
3260,7000000,1,1,1,1,1,1,293.0264766355844,300.15,0,0,1,1
3265,7000000,1,1,1,1,1,1,293.0264766355844,300.15,0,0,1,1
3270,7000000,1,1,1,1,1,1,293.0264766355844,300.15,0,0,1,1
3275,7000000,1,1,1,1,1,1,293.0264766355844,300.15,0,0,1,1
3280,7000000,1,1,1,1,1,1,293.0264766355844,300.15,0,0,1,1
3285,7000000,1,1,1,1,1,1,293.0264766355844,300.15,0,0,1,1
3290,7000000,1,1,1,1,1,1,293.0264766355844,300.15,0,0,1,1
3295,7000000,1,1,1,1,1,1,293.0264766355844,300.15,0,0,1,1
3300,7000000,1,1,1,1,1,1,293.0264766355844,300.15,0,0,1,1
3305,7000000,1,1,1,1,1,1,293.0264766355844,300.15,0,0,1,1
3310,7000000,1,1,1,1,1,1,293.0264766355844,300.15,0,0,1,1
3315,7000000,1,1,1,1,1,1,293.0264766355844,300.15,0,0,1,1
3320,7000000,1,1,1,1,1,1,293.0264766355844,300.15,0,0,1,1
3325,7000000,1,1,1,1,1,1,293.0264766355844,300.15,0,0,1,1
3330,7000000,1,1,1,1,1,1,293.0264766355844,300.15,0,0,1,1
3335,7000000,1,1,1,1,1,1,293.0264766355844,300.15,0,0,1,1
3340,7000000,1,1,1,1,1,1,293.0264766355844,300.15,0,0,1,1
3345,7000000,1,1,1,1,1,1,293.0264766355844,300.15,0,0,1,1
3350,7000000,1,1,1,1,1,1,293.0264766355844,300.15,0,0,1,1
3355,7000000,1,1,1,1,1,1,293.0264766355844,300.15,0,0,1,1
3360,7000000,1,1,1,1,1,1,293.0264766355844,300.15,0,0,1,1
3365,7000000,1,1,1,1,1,1,293.0264766355844,300.15,0,0,1,1
3370,7000000,1,1,1,1,1,1,293.0264766355844,300.15,0,0,1,1
3375,7000000,1,1,1,1,1,1,293.0264766355844,300.15,0,0,1,1
3380,7000000,1,1,1,1,1,1,293.0264766355844,300.15,0,0,1,1
3385,7000000,1,1,1,1,1,1,293.0264766355844,300.15,0,0,1,1
3390,7000000,1,1,1,1,1,1,293.0264766355844,300.15,0,0,1,1
3395,7000000,1,1,1,1,1,1,293.0264766355844,300.15,0,0,1,1
3400,7000000,1,1,1,1,1,1,293.0264766355844,300.15,0,0,1,1
3405,7000000,1,1,1,1,1,1,293.0264766355844,300.15,0,0,1,1
3410,7000000,1,1,1,1,1,1,293.0264766355844,300.15,0,0,1,1
3415,7000000,1,1,1,1,1,1,293.0264766355844,300.15,0,0,1,1
3420,7000000,1,1,1,1,1,1,293.0264766355844,300.15,0,0,1,1
3425,7000000,1,1,1,1,1,1,293.0264766355844,300.15,0,0,1,1
3430,7000000,1,1,1,1,1,1,293.0264766355844,300.15,0,0,1,1
3435,7000000,1,1,1,1,1,1,293.0264766355844,300.15,0,0,1,1
3440,7000000,1,1,1,1,1,1,293.0264766355844,300.15,0,0,1,1
3445,7000000,1,1,1,1,1,1,293.0264766355844,300.15,0,0,1,1
3450,7000000,1,1,1,1,1,1,293.0264766355844,300.15,0,0,1,1
3455,7000000,1,1,1,1,1,1,293.0264766355844,300.15,0,0,1,1
3460,7000000,1,1,1,1,1,1,293.0264766355844,300.15,0,0,1,1
3465,7000000,1,1,1,1,1,1,293.0264766355844,300.15,0,0,1,1
3470,7000000,1,1,1,1,1,1,293.0264766355844,300.15,0,0,1,1
3475,7000000,1,1,1,1,1,1,293.0264766355844,300.15,0,0,1,1
3480,7000000,1,1,1,1,1,1,293.0264766355844,300.15,0,0,1,1
3485,7000000,1,1,1,1,1,1,293.0264766355844,300.15,0,0,1,1
3490,7000000,1,1,1,1,1,1,293.0264766355844,300.15,0,0,1,1
3495,7000000,1,1,1,1,1,1,293.0264766355844,300.15,0,0,1,1
3500,7000000,1,1,1,1,1,1,293.0264766355844,300.15,0,0,1,1
3505,7000000,1,1,1,1,1,1,293.0264766355844,300.15,0,0,1,1
3510,7000000,1,1,1,1,1,1,293.0264766355844,300.15,0,0,1,1
3515,7000000,1,1,1,1,1,1,293.0264766355844,300.15,0,0,1,1
3520,7000000,1,1,1,1,1,1,293.0264766355844,300.15,0,0,1,1
3525,7000000,1,1,1,1,1,1,293.0264766355844,300.15,0,0,1,1
3530,7000000,1,1,1,1,1,1,293.0264766355844,300.15,0,0,1,1
3535,7000000,1,1,1,1,1,1,293.0264766355844,300.15,0,0,1,1
3540,7000000,1,1,1,1,1,1,293.0264766355844,300.15,0,0,1,1
3545,7000000,1,1,1,1,1,1,293.0264766355844,300.15,0,0,1,1
3550,7000000,1,1,1,1,1,1,293.0264766355844,300.15,0,0,1,1
3555,7000000,1,1,1,1,1,1,293.0264766355844,300.15,0,0,1,1
3560,7000000,1,1,1,1,1,1,293.0264766355844,300.15,0,0,1,1
3565,7000000,1,1,1,1,1,1,293.0264766355844,300.15,0,0,1,1
3570,7000000,1,1,1,1,1,1,293.0264766355844,300.15,0,0,1,1
3575,7000000,1,1,1,1,1,1,293.0264766355844,300.15,0,0,1,1
3580,7000000,1,1,1,1,1,1,293.0264766355844,300.15,0,0,1,1
3585,7000000,1,1,1,1,1,1,293.0264766355844,300.15,0,0,1,1
3590,7000000,1,1,1,1,1,1,293.0264766355844,300.15,0,0,1,1
3595,7000000,1,1,1,1,1,1,293.0264766355844,300.15,0,0,1,1
3600,7000000,1,2,1,1,1,1,293.0264766355844,301.15,1,1,0,0
3605,7000000,1,2,1,1,1,1,293.0264766355844,301.15,1,1,0,0
3610,7000000,1,2,1,1,1,1,293.0264766355844,301.15,1,1,0,0
3615,7000000,1,2,1,1,1,1,293.0264766355844,301.15,1,1,0,0
3620,7000000,1,2,1,1,1,1,293.0264766355844,301.15,1,1,0,0
3625,7000000,1,2,1,1,1,1,293.0264766355844,301.15,1,1,0,0
3630,7000000,1,2,1,1,1,1,293.0264766355844,301.15,1,1,0,0
3635,7000000,1,2,1,1,1,1,293.0264766355844,301.15,1,1,0,0
3640,7000000,1,2,1,1,1,1,293.0264766355844,301.15,1,1,0,0
3645,7000000,1,2,1,1,1,1,293.0264766355844,301.15,1,1,0,0
3650,7000000,1,2,1,1,1,1,293.0264766355844,301.15,1,1,0,0
3655,7000000,1,2,1,1,1,1,293.0264766355844,301.15,1,1,0,0
3660,7000000,1,2,1,1,1,1,293.0264766355844,301.15,1,1,0,0
3665,7000000,1,2,1,1,1,1,293.0264766355844,301.15,1,1,0,0
3670,7000000,1,2,1,1,1,1,293.0264766355844,301.15,1,1,0,0
3675,7000000,1,2,1,1,1,1,293.0264766355844,301.15,1,1,0,0
3680,7000000,1,2,1,1,1,1,293.0264766355844,301.15,1,1,0,0
3685,7000000,1,2,1,1,1,1,293.0264766355844,301.15,1,1,0,0
3690,7000000,1,2,1,1,1,1,293.0264766355844,301.15,1,1,0,0
3695,7000000,1,2,1,1,1,1,293.0264766355844,301.15,1,1,0,0
3700,7000000,1,2,1,1,1,1,293.0264766355844,301.15,1,1,0,0
3705,7000000,1,2,1,1,1,1,293.0264766355844,301.15,1,1,0,0
3710,7000000,1,2,1,1,1,1,293.0264766355844,301.15,1,1,0,0
3715,7000000,1,2,1,1,1,1,293.0264766355844,301.15,1,1,0,0
3720,7000000,1,2,1,1,1,1,293.0264766355844,301.15,1,1,0,0
3725,7000000,1,2,1,1,1,1,293.0264766355844,301.15,1,1,0,0
3730,7000000,1,2,1,1,1,1,293.0264766355844,301.15,1,1,0,0
3735,7000000,1,2,1,1,1,1,293.0264766355844,301.15,1,1,0,0
3740,7000000,1,2,1,1,1,1,293.0264766355844,301.15,1,1,0,0
3745,7000000,1,2,1,1,1,1,293.0264766355844,301.15,1,1,0,0
3750,7000000,1,2,1,1,1,1,293.0264766355844,301.15,1,1,0,0
3755,7000000,1,2,1,1,1,1,293.0264766355844,301.15,1,1,0,0
3760,7000000,1,2,1,1,1,1,293.0264766355844,301.15,1,1,0,0
3765,7000000,1,2,1,1,1,1,293.0264766355844,301.15,1,1,0,0
3770,7000000,1,2,1,1,1,1,293.0264766355844,301.15,1,1,0,0
3775,7000000,1,2,1,1,1,1,293.0264766355844,301.15,1,1,0,0
3780,7000000,1,2,1,1,1,1,293.0264766355844,301.15,1,1,0,0
3785,7000000,1,2,1,1,1,1,293.0264766355844,301.15,1,1,0,0
3790,7000000,1,2,1,1,1,1,293.0264766355844,301.15,1,1,0,0
3795,7000000,1,2,1,1,1,1,293.0264766355844,301.15,1,1,0,0
3800,7000000,1,2,1,1,1,1,293.0264766355844,301.15,1,1,0,0
3805,7000000,1,2,1,1,1,1,293.0264766355844,301.15,1,1,0,0
3810,7000000,1,2,1,1,1,1,293.0264766355844,301.15,1,1,0,0
3815,7000000,1,2,1,1,1,1,293.0264766355844,301.15,1,1,0,0
3820,7000000,1,2,1,1,1,1,293.0264766355844,301.15,1,1,0,0
3825,7000000,1,2,1,1,1,1,293.0264766355844,301.15,1,1,0,0
3830,7000000,1,2,1,1,1,1,293.0264766355844,301.15,1,1,0,0
3835,7000000,1,2,1,1,1,1,293.0264766355844,301.15,1,1,0,0
3840,7000000,1,2,1,1,1,1,293.0264766355844,301.15,1,1,0,0
3845,7000000,1,2,1,1,1,1,293.0264766355844,301.15,1,1,0,0
3850,7000000,1,2,1,1,1,1,293.0264766355844,301.15,1,1,0,0
3855,7000000,1,2,1,1,1,1,293.0264766355844,301.15,1,1,0,0
3860,7000000,1,2,1,1,1,1,293.0264766355844,301.15,1,1,0,0
3865,7000000,1,2,1,1,1,1,293.0264766355844,301.15,1,1,0,0
3870,7000000,1,2,1,1,1,1,293.0264766355844,301.15,1,1,0,0
3875,7000000,1,2,1,1,1,1,293.0264766355844,301.15,1,1,0,0
3880,7000000,1,2,1,1,1,1,293.0264766355844,301.15,1,1,0,0
3885,7000000,1,2,1,1,1,1,293.0264766355844,301.15,1,1,0,0
3890,7000000,1,2,1,1,1,1,293.0264766355844,301.15,1,1,0,0
3895,7000000,1,2,1,1,1,1,293.0264766355844,301.15,1,1,0,0
3900,7000000,1,2,1,1,1,1,293.0264766355844,301.15,1,1,0,0
3905,7000000,1,2,1,1,1,1,293.0264766355844,301.15,1,1,0,0
3910,7000000,1,2,1,1,1,1,293.0264766355844,301.15,1,1,0,0
3915,7000000,1,2,1,1,1,1,293.0264766355844,301.15,1,1,0,0
3920,7000000,1,2,1,1,1,1,293.0264766355844,301.15,1,1,0,0
3925,7000000,1,2,1,1,1,1,293.0264766355844,301.15,1,1,0,0
3930,7000000,1,2,1,1,1,1,293.0264766355844,301.15,1,1,0,0
3935,7000000,1,2,1,1,1,1,293.0264766355844,301.15,1,1,0,0
3940,7000000,1,2,1,1,1,1,293.0264766355844,301.15,1,1,0,0
3945,7000000,1,2,1,1,1,1,293.0264766355844,301.15,1,1,0,0
3950,7000000,1,2,1,1,1,1,293.0264766355844,301.15,1,1,0,0
3955,7000000,1,2,1,1,1,1,293.0264766355844,301.15,1,1,0,0
3960,7000000,1,2,1,1,1,1,293.0264766355844,301.15,1,1,0,0
3965,7000000,1,2,1,1,1,1,293.0264766355844,301.15,1,1,0,0
3970,7000000,1,2,1,1,1,1,293.0264766355844,301.15,1,1,0,0
3975,7000000,1,2,1,1,1,1,293.0264766355844,301.15,1,1,0,0
3980,7000000,1,2,1,1,1,1,293.0264766355844,301.15,1,1,0,0
3985,7000000,1,2,1,1,1,1,293.0264766355844,301.15,1,1,0,0
3990,7000000,1,2,1,1,1,1,293.0264766355844,301.15,1,1,0,0
3995,7000000,1,2,1,1,1,1,293.0264766355844,301.15,1,1,0,0
4000,7000000,1,2,1,1,1,1,293.0264766355844,301.15,1,1,0,0
4005,7000000,1,2,1,1,1,1,293.0264766355844,301.15,1,1,0,0
4010,7000000,1,2,1,1,1,1,293.0264766355844,301.15,1,1,0,0
4015,7000000,1,2,1,1,1,1,293.0264766355844,301.15,1,1,0,0
4020,7000000,1,2,1,1,1,1,293.0264766355844,301.15,1,1,0,0
4025,7000000,1,2,1,1,1,1,293.0264766355844,301.15,1,1,0,0
4030,7000000,1,2,1,1,1,1,293.0264766355844,301.15,1,1,0,0
4035,7000000,1,2,1,1,1,1,293.0264766355844,301.15,1,1,0,0
4040,7000000,1,2,1,1,1,1,293.0264766355844,301.15,1,1,0,0
4045,7000000,1,2,1,1,1,1,293.0264766355844,301.15,1,1,0,0
4050,7000000,1,2,1,1,1,1,293.0264766355844,301.15,1,1,0,0
4055,7000000,1,2,1,1,1,1,293.0264766355844,301.15,1,1,0,0
4060,7000000,1,2,1,1,1,1,293.0264766355844,301.15,1,1,0,0
4065,7000000,1,2,1,1,1,1,293.0264766355844,301.15,1,1,0,0
4070,7000000,1,2,1,1,1,1,293.0264766355844,301.15,1,1,0,0
4075,7000000,1,2,1,1,1,1,293.0264766355844,301.15,1,1,0,0
4080,7000000,1,2,1,1,1,1,293.0264766355844,301.15,1,1,0,0
4085,7000000,1,2,1,1,1,1,293.0264766355844,301.15,1,1,0,0
4090,7000000,1,2,1,1,1,1,293.0264766355844,301.15,1,1,0,0
4095,7000000,1,2,1,1,1,1,293.0264766355844,301.15,1,1,0,0
4100,7000000,1,2,1,1,1,1,293.0264766355844,301.15,1,1,0,0
4105,7000000,1,2,1,1,1,1,293.0264766355844,301.15,1,1,0,0
4110,7000000,1,2,1,1,1,1,293.0264766355844,301.15,1,1,0,0
4115,7000000,1,2,1,1,1,1,293.0264766355844,301.15,1,1,0,0
4120,7000000,1,2,1,1,1,1,293.0264766355844,301.15,1,1,0,0
4125,7000000,1,2,1,1,1,1,293.0264766355844,301.15,1,1,0,0
4130,7000000,1,2,1,1,1,1,293.0264766355844,301.15,1,1,0,0
4135,7000000,1,2,1,1,1,1,293.0264766355844,301.15,1,1,0,0
4140,7000000,1,2,1,1,1,1,293.0264766355844,301.15,1,1,0,0
4145,7000000,1,2,1,1,1,1,293.0264766355844,301.15,1,1,0,0
4150,7000000,1,2,1,1,1,1,293.0264766355844,301.15,1,1,0,0
4155,7000000,1,2,1,1,1,1,293.0264766355844,301.15,1,1,0,0
4160,7000000,1,2,1,1,1,1,293.0264766355844,301.15,1,1,0,0
4165,7000000,1,2,1,1,1,1,293.0264766355844,301.15,1,1,0,0
4170,7000000,1,2,1,1,1,1,293.0264766355844,301.15,1,1,0,0
4175,7000000,1,2,1,1,1,1,293.0264766355844,301.15,1,1,0,0
4180,7000000,1,2,1,1,1,1,293.0264766355844,301.15,1,1,0,0
4185,7000000,1,2,1,1,1,1,293.0264766355844,301.15,1,1,0,0
4190,7000000,1,2,1,1,1,1,293.0264766355844,301.15,1,1,0,0
4195,7000000,1,2,1,1,1,1,293.0264766355844,301.15,1,1,0,0
4200,7000000,1,2,1,1,1,1,293.0264766355844,301.15,1,1,0,0
4205,7000000,1,2,1,1,1,1,293.0264766355844,301.15,1,1,0,0
4210,7000000,1,2,1,1,1,1,293.0264766355844,301.15,1,1,0,0
4215,7000000,1,2,1,1,1,1,293.0264766355844,301.15,1,1,0,0
4220,7000000,1,2,1,1,1,1,293.0264766355844,301.15,1,1,0,0
4225,7000000,1,2,1,1,1,1,293.0264766355844,301.15,1,1,0,0
4230,7000000,1,2,1,1,1,1,293.0264766355844,301.15,1,1,0,0
4235,7000000,1,2,1,1,1,1,293.0264766355844,301.15,1,1,0,0
4240,7000000,1,2,1,1,1,1,293.0264766355844,301.15,1,1,0,0
4245,7000000,1,2,1,1,1,1,293.0264766355844,301.15,1,1,0,0
4250,7000000,1,2,1,1,1,1,293.0264766355844,301.15,1,1,0,0
4255,7000000,1,2,1,1,1,1,293.0264766355844,301.15,1,1,0,0
4260,7000000,1,2,1,1,1,1,293.0264766355844,301.15,1,1,0,0
4265,7000000,1,2,1,1,1,1,293.0264766355844,301.15,1,1,0,0
4270,7000000,1,2,1,1,1,1,293.0264766355844,301.15,1,1,0,0
4275,7000000,1,2,1,1,1,1,293.0264766355844,301.15,1,1,0,0
4280,7000000,1,2,1,1,1,1,293.0264766355844,301.15,1,1,0,0
4285,7000000,1,2,1,1,1,1,293.0264766355844,301.15,1,1,0,0
4290,7000000,1,2,1,1,1,1,293.0264766355844,301.15,1,1,0,0
4295,7000000,1,2,1,1,1,1,293.0264766355844,301.15,1,1,0,0
4300,7000000,1,2,1,1,1,1,293.0264766355844,301.15,1,1,0,0
4305,7000000,1,2,1,1,1,1,293.0264766355844,301.15,1,1,0,0
4310,7000000,1,2,1,1,1,1,293.0264766355844,301.15,1,1,0,0
4315,7000000,1,2,1,1,1,1,293.0264766355844,301.15,1,1,0,0
4320,7000000,1,2,1,1,1,1,293.0264766355844,301.15,1,1,0,0
4325,7000000,1,2,1,1,1,1,293.0264766355844,301.15,1,1,0,0
4330,7000000,1,2,1,1,1,1,293.0264766355844,301.15,1,1,0,0
4335,7000000,1,2,1,1,1,1,293.0264766355844,301.15,1,1,0,0
4340,7000000,1,2,1,1,1,1,293.0264766355844,301.15,1,1,0,0
4345,7000000,1,2,1,1,1,1,293.0264766355844,301.15,1,1,0,0
4350,7000000,1,2,1,1,1,1,293.0264766355844,301.15,1,1,0,0
4355,7000000,1,2,1,1,1,1,293.0264766355844,301.15,1,1,0,0
4360,7000000,1,2,1,1,1,1,293.0264766355844,301.15,1,1,0,0
4365,7000000,1,2,1,1,1,1,293.0264766355844,301.15,1,1,0,0
4370,7000000,1,2,1,1,1,1,293.0264766355844,301.15,1,1,0,0
4375,7000000,1,2,1,1,1,1,293.0264766355844,301.15,1,1,0,0
4380,7000000,1,2,1,1,1,1,293.0264766355844,301.15,1,1,0,0
4385,7000000,1,2,1,1,1,1,293.0264766355844,301.15,1,1,0,0
4390,7000000,1,2,1,1,1,1,293.0264766355844,301.15,1,1,0,0
4395,7000000,1,2,1,1,1,1,293.0264766355844,301.15,1,1,0,0
4400,7000000,1,2,1,1,1,1,293.0264766355844,301.15,1,1,0,0
4405,7000000,1,2,1,1,1,1,293.0264766355844,301.15,1,1,0,0
4410,7000000,1,2,1,1,1,1,293.0264766355844,301.15,1,1,0,0
4415,7000000,1,2,1,1,1,1,293.0264766355844,301.15,1,1,0,0
4420,7000000,1,2,1,1,1,1,293.0264766355844,301.15,1,1,0,0
4425,7000000,1,2,1,1,1,1,293.0264766355844,301.15,1,1,0,0
4430,7000000,1,2,1,1,1,1,293.0264766355844,301.15,1,1,0,0
4435,7000000,1,2,1,1,1,1,293.0264766355844,301.15,1,1,0,0
4440,7000000,1,2,1,1,1,1,293.0264766355844,301.15,1,1,0,0
4445,7000000,1,2,1,1,1,1,293.0264766355844,301.15,1,1,0,0
4450,7000000,1,2,1,1,1,1,293.0264766355844,301.15,1,1,0,0
4455,7000000,1,2,1,1,1,1,293.0264766355844,301.15,1,1,0,0
4460,7000000,1,2,1,1,1,1,293.0264766355844,301.15,1,1,0,0
4465,7000000,1,2,1,1,1,1,293.0264766355844,301.15,1,1,0,0
4470,7000000,1,2,1,1,1,1,293.0264766355844,301.15,1,1,0,0
4475,7000000,1,2,1,1,1,1,293.0264766355844,301.15,1,1,0,0
4480,7000000,1,2,1,1,1,1,293.0264766355844,301.15,1,1,0,0
4485,7000000,1,2,1,1,1,1,293.0264766355844,301.15,1,1,0,0
4490,7000000,1,2,1,1,1,1,293.0264766355844,301.15,1,1,0,0
4495,7000000,1,2,1,1,1,1,293.0264766355844,301.15,1,1,0,0
4500,7000000,1,2,1,1,1,1,293.0264766355844,301.15,1,1,0,0
4505,7000000,1,2,1,1,1,1,293.0264766355844,301.15,1,1,0,0
4510,7000000,1,2,1,1,1,1,293.0264766355844,301.15,1,1,0,0
4515,7000000,1,2,1,1,1,1,293.0264766355844,301.15,1,1,0,0
4520,7000000,1,2,1,1,1,1,293.0264766355844,301.15,1,1,0,0
4525,7000000,1,2,1,1,1,1,293.0264766355844,301.15,1,1,0,0
4530,7000000,1,2,1,1,1,1,293.0264766355844,301.15,1,1,0,0
4535,7000000,1,2,1,1,1,1,293.0264766355844,301.15,1,1,0,0
4540,7000000,1,2,1,1,1,1,293.0264766355844,301.15,1,1,0,0
4545,7000000,1,2,1,1,1,1,293.0264766355844,301.15,1,1,0,0
4550,7000000,1,2,1,1,1,1,293.0264766355844,301.15,1,1,0,0
4555,7000000,1,2,1,1,1,1,293.0264766355844,301.15,1,1,0,0
4560,7000000,1,2,1,1,1,1,293.0264766355844,301.15,1,1,0,0
4565,7000000,1,2,1,1,1,1,293.0264766355844,301.15,1,1,0,0
4570,7000000,1,2,1,1,1,1,293.0264766355844,301.15,1,1,0,0
4575,7000000,1,2,1,1,1,1,293.0264766355844,301.15,1,1,0,0
4580,7000000,1,2,1,1,1,1,293.0264766355844,301.15,1,1,0,0
4585,7000000,1,2,1,1,1,1,293.0264766355844,301.15,1,1,0,0
4590,7000000,1,2,1,1,1,1,293.0264766355844,301.15,1,1,0,0
4595,7000000,1,2,1,1,1,1,293.0264766355844,301.15,1,1,0,0
4600,7000000,1,2,1,1,1,1,293.0264766355844,301.15,1,1,0,0
4605,7000000,1,2,1,1,1,1,293.0264766355844,301.15,1,1,0,0
4610,7000000,1,2,1,1,1,1,293.0264766355844,301.15,1,1,0,0
4615,7000000,1,2,1,1,1,1,293.0264766355844,301.15,1,1,0,0
4620,7000000,1,2,1,1,1,1,293.0264766355844,301.15,1,1,0,0
4625,7000000,1,2,1,1,1,1,293.0264766355844,301.15,1,1,0,0
4630,7000000,1,2,1,1,1,1,293.0264766355844,301.15,1,1,0,0
4635,7000000,1,2,1,1,1,1,293.0264766355844,301.15,1,1,0,0
4640,7000000,1,2,1,1,1,1,293.0264766355844,301.15,1,1,0,0
4645,7000000,1,2,1,1,1,1,293.0264766355844,301.15,1,1,0,0
4650,7000000,1,2,1,1,1,1,293.0264766355844,301.15,1,1,0,0
4655,7000000,1,2,1,1,1,1,293.0264766355844,301.15,1,1,0,0
4660,7000000,1,2,1,1,1,1,293.0264766355844,301.15,1,1,0,0
4665,7000000,1,2,1,1,1,1,293.0264766355844,301.15,1,1,0,0
4670,7000000,1,2,1,1,1,1,293.0264766355844,301.15,1,1,0,0
4675,7000000,1,2,1,1,1,1,293.0264766355844,301.15,1,1,0,0
4680,7000000,1,2,1,1,1,1,293.0264766355844,301.15,1,1,0,0
4685,7000000,1,2,1,1,1,1,293.0264766355844,301.15,1,1,0,0
4690,7000000,1,2,1,1,1,1,293.0264766355844,301.15,1,1,0,0
4695,7000000,1,2,1,1,1,1,293.0264766355844,301.15,1,1,0,0
4700,7000000,1,2,1,1,1,1,293.0264766355844,301.15,1,1,0,0
4705,7000000,1,2,1,1,1,1,293.0264766355844,301.15,1,1,0,0
4710,7000000,1,2,1,1,1,1,293.0264766355844,301.15,1,1,0,0
4715,7000000,1,2,1,1,1,1,293.0264766355844,301.15,1,1,0,0
4720,7000000,1,2,1,1,1,1,293.0264766355844,301.15,1,1,0,0
4725,7000000,1,2,1,1,1,1,293.0264766355844,301.15,1,1,0,0
4730,7000000,1,2,1,1,1,1,293.0264766355844,301.15,1,1,0,0
4735,7000000,1,2,1,1,1,1,293.0264766355844,301.15,1,1,0,0
4740,7000000,1,2,1,1,1,1,293.0264766355844,301.15,1,1,0,0
4745,7000000,1,2,1,1,1,1,293.0264766355844,301.15,1,1,0,0
4750,7000000,1,2,1,1,1,1,293.0264766355844,301.15,1,1,0,0
4755,7000000,1,2,1,1,1,1,293.0264766355844,301.15,1,1,0,0
4760,7000000,1,2,1,1,1,1,293.0264766355844,301.15,1,1,0,0
4765,7000000,1,2,1,1,1,1,293.0264766355844,301.15,1,1,0,0
4770,7000000,1,2,1,1,1,1,293.0264766355844,301.15,1,1,0,0
4775,7000000,1,2,1,1,1,1,293.0264766355844,301.15,1,1,0,0
4780,7000000,1,2,1,1,1,1,293.0264766355844,301.15,1,1,0,0
4785,7000000,1,2,1,1,1,1,293.0264766355844,301.15,1,1,0,0
4790,7000000,1,2,1,1,1,1,293.0264766355844,301.15,1,1,0,0
4795,7000000,1,2,1,1,1,1,293.0264766355844,301.15,1,1,0,0
4800,7000000,1,2,1,1,1,1,293.0264766355844,301.15,1,1,0,0
4805,7000000,1,2,1,1,1,1,293.0264766355844,301.15,1,1,0,0
4810,7000000,1,2,1,1,1,1,293.0264766355844,301.15,1,1,0,0
4815,7000000,1,2,1,1,1,1,293.0264766355844,301.15,1,1,0,0
4820,7000000,1,2,1,1,1,1,293.0264766355844,301.15,1,1,0,0
4825,7000000,1,2,1,1,1,1,293.0264766355844,301.15,1,1,0,0
4830,7000000,1,2,1,1,1,1,293.0264766355844,301.15,1,1,0,0
4835,7000000,1,2,1,1,1,1,293.0264766355844,301.15,1,1,0,0
4840,7000000,1,2,1,1,1,1,293.0264766355844,301.15,1,1,0,0
4845,7000000,1,2,1,1,1,1,293.0264766355844,301.15,1,1,0,0
4850,7000000,1,2,1,1,1,1,293.0264766355844,301.15,1,1,0,0
4855,7000000,1,2,1,1,1,1,293.0264766355844,301.15,1,1,0,0
4860,7000000,1,2,1,1,1,1,293.0264766355844,301.15,1,1,0,0
4865,7000000,1,2,1,1,1,1,293.0264766355844,301.15,1,1,0,0
4870,7000000,1,2,1,1,1,1,293.0264766355844,301.15,1,1,0,0
4875,7000000,1,2,1,1,1,1,293.0264766355844,301.15,1,1,0,0
4880,7000000,1,2,1,1,1,1,293.0264766355844,301.15,1,1,0,0
4885,7000000,1,2,1,1,1,1,293.0264766355844,301.15,1,1,0,0
4890,7000000,1,2,1,1,1,1,293.0264766355844,301.15,1,1,0,0
4895,7000000,1,2,1,1,1,1,293.0264766355844,301.15,1,1,0,0
4900,7000000,1,2,1,1,1,1,293.0264766355844,301.15,1,1,0,0
4905,7000000,1,2,1,1,1,1,293.0264766355844,301.15,1,1,0,0
4910,7000000,1,2,1,1,1,1,293.0264766355844,301.15,1,1,0,0
4915,7000000,1,2,1,1,1,1,293.0264766355844,301.15,1,1,0,0
4920,7000000,1,2,1,1,1,1,293.0264766355844,301.15,1,1,0,0
4925,7000000,1,2,1,1,1,1,293.0264766355844,301.15,1,1,0,0
4930,7000000,1,2,1,1,1,1,293.0264766355844,301.15,1,1,0,0
4935,7000000,1,2,1,1,1,1,293.0264766355844,301.15,1,1,0,0
4940,7000000,1,2,1,1,1,1,293.0264766355844,301.15,1,1,0,0
4945,7000000,1,2,1,1,1,1,293.0264766355844,301.15,1,1,0,0
4950,7000000,1,2,1,1,1,1,293.0264766355844,301.15,1,1,0,0
4955,7000000,1,2,1,1,1,1,293.0264766355844,301.15,1,1,0,0
4960,7000000,1,2,1,1,1,1,293.0264766355844,301.15,1,1,0,0
4965,7000000,1,2,1,1,1,1,293.0264766355844,301.15,1,1,0,0
4970,7000000,1,2,1,1,1,1,293.0264766355844,301.15,1,1,0,0
4975,7000000,1,2,1,1,1,1,293.0264766355844,301.15,1,1,0,0
4980,7000000,1,2,1,1,1,1,293.0264766355844,301.15,1,1,0,0
4985,7000000,1,2,1,1,1,1,293.0264766355844,301.15,1,1,0,0
4990,7000000,1,2,1,1,1,1,293.0264766355844,301.15,1,1,0,0
4995,7000000,1,2,1,1,1,1,293.0264766355844,301.15,1,1,0,0
5000,7000000,1,2,1,1,1,1,293.0264766355844,301.15,1,1,0,0
5005,7000000,1,2,1,1,1,1,293.0264766355844,301.15,1,1,0,0
5010,7000000,1,2,1,1,1,1,293.0264766355844,301.15,1,1,0,0
5015,7000000,1,2,1,1,1,1,293.0264766355844,301.15,1,1,0,0
5020,7000000,1,2,1,1,1,1,293.0264766355844,301.15,1,1,0,0
5025,7000000,1,2,1,1,1,1,293.0264766355844,301.15,1,1,0,0
5030,7000000,1,2,1,1,1,1,293.0264766355844,301.15,1,1,0,0
5035,7000000,1,2,1,1,1,1,293.0264766355844,301.15,1,1,0,0
5040,7000000,1,2,1,1,1,1,293.0264766355844,301.15,1,1,0,0
5045,7000000,1,2,1,1,1,1,293.0264766355844,301.15,1,1,0,0
5050,7000000,1,2,1,1,1,1,293.0264766355844,301.15,1,1,0,0
5055,7000000,1,2,1,1,1,1,293.0264766355844,301.15,1,1,0,0
5060,7000000,1,2,1,1,1,1,293.0264766355844,301.15,1,1,0,0
5065,7000000,1,2,1,1,1,1,293.0264766355844,301.15,1,1,0,0
5070,7000000,1,2,1,1,1,1,293.0264766355844,301.15,1,1,0,0
5075,7000000,1,2,1,1,1,1,293.0264766355844,301.15,1,1,0,0
5080,7000000,1,2,1,1,1,1,293.0264766355844,301.15,1,1,0,0
5085,7000000,1,2,1,1,1,1,293.0264766355844,301.15,1,1,0,0
5090,7000000,1,2,1,1,1,1,293.0264766355844,301.15,1,1,0,0
5095,7000000,1,2,1,1,1,1,293.0264766355844,301.15,1,1,0,0
5100,7000000,1,2,1,1,1,1,293.0264766355844,301.15,1,1,0,0
5105,7000000,1,2,1,1,1,1,293.0264766355844,301.15,1,1,0,0
5110,7000000,1,2,1,1,1,1,293.0264766355844,301.15,1,1,0,0
5115,7000000,1,2,1,1,1,1,293.0264766355844,301.15,1,1,0,0
5120,7000000,1,2,1,1,1,1,293.0264766355844,301.15,1,1,0,0
5125,7000000,1,2,1,1,1,1,293.0264766355844,301.15,1,1,0,0
5130,7000000,1,2,1,1,1,1,293.0264766355844,301.15,1,1,0,0
5135,7000000,1,2,1,1,1,1,293.0264766355844,301.15,1,1,0,0
5140,7000000,1,2,1,1,1,1,293.0264766355844,301.15,1,1,0,0
5145,7000000,1,2,1,1,1,1,293.0264766355844,301.15,1,1,0,0
5150,7000000,1,2,1,1,1,1,293.0264766355844,301.15,1,1,0,0
5155,7000000,1,2,1,1,1,1,293.0264766355844,301.15,1,1,0,0
5160,7000000,1,2,1,1,1,1,293.0264766355844,301.15,1,1,0,0
5165,7000000,1,2,1,1,1,1,293.0264766355844,301.15,1,1,0,0
5170,7000000,1,2,1,1,1,1,293.0264766355844,301.15,1,1,0,0
5175,7000000,1,2,1,1,1,1,293.0264766355844,301.15,1,1,0,0
5180,7000000,1,2,1,1,1,1,293.0264766355844,301.15,1,1,0,0
5185,7000000,1,2,1,1,1,1,293.0264766355844,301.15,1,1,0,0
5190,7000000,1,2,1,1,1,1,293.0264766355844,301.15,1,1,0,0
5195,7000000,1,2,1,1,1,1,293.0264766355844,301.15,1,1,0,0
5200,7000000,1,2,1,1,1,1,293.0264766355844,301.15,1,1,0,0
5205,7000000,1,2,1,1,1,1,293.0264766355844,301.15,1,1,0,0
5210,7000000,1,2,1,1,1,1,293.0264766355844,301.15,1,1,0,0
5215,7000000,1,2,1,1,1,1,293.0264766355844,301.15,1,1,0,0
5220,7000000,1,2,1,1,1,1,293.0264766355844,301.15,1,1,0,0
5225,7000000,1,2,1,1,1,1,293.0264766355844,301.15,1,1,0,0
5230,7000000,1,2,1,1,1,1,293.0264766355844,301.15,1,1,0,0
5235,7000000,1,2,1,1,1,1,293.0264766355844,301.15,1,1,0,0
5240,7000000,1,2,1,1,1,1,293.0264766355844,301.15,1,1,0,0
5245,7000000,1,2,1,1,1,1,293.0264766355844,301.15,1,1,0,0
5250,7000000,1,2,1,1,1,1,293.0264766355844,301.15,1,1,0,0
5255,7000000,1,2,1,1,1,1,293.0264766355844,301.15,1,1,0,0
5260,7000000,1,2,1,1,1,1,293.0264766355844,301.15,1,1,0,0
5265,7000000,1,2,1,1,1,1,293.0264766355844,301.15,1,1,0,0
5270,7000000,1,2,1,1,1,1,293.0264766355844,301.15,1,1,0,0
5275,7000000,1,2,1,1,1,1,293.0264766355844,301.15,1,1,0,0
5280,7000000,1,2,1,1,1,1,293.0264766355844,301.15,1,1,0,0
5285,7000000,1,2,1,1,1,1,293.0264766355844,301.15,1,1,0,0
5290,7000000,1,2,1,1,1,1,293.0264766355844,301.15,1,1,0,0
5295,7000000,1,2,1,1,1,1,293.0264766355844,301.15,1,1,0,0
5300,7000000,1,2,1,1,1,1,293.0264766355844,301.15,1,1,0,0
5305,7000000,1,2,1,1,1,1,293.0264766355844,301.15,1,1,0,0
5310,7000000,1,2,1,1,1,1,293.0264766355844,301.15,1,1,0,0
5315,7000000,1,2,1,1,1,1,293.0264766355844,301.15,1,1,0,0
5320,7000000,1,2,1,1,1,1,293.0264766355844,301.15,1,1,0,0
5325,7000000,1,2,1,1,1,1,293.0264766355844,301.15,1,1,0,0
5330,7000000,1,2,1,1,1,1,293.0264766355844,301.15,1,1,0,0
5335,7000000,1,2,1,1,1,1,293.0264766355844,301.15,1,1,0,0
5340,7000000,1,2,1,1,1,1,293.0264766355844,301.15,1,1,0,0
5345,7000000,1,2,1,1,1,1,293.0264766355844,301.15,1,1,0,0
5350,7000000,1,2,1,1,1,1,293.0264766355844,301.15,1,1,0,0
5355,7000000,1,2,1,1,1,1,293.0264766355844,301.15,1,1,0,0
5360,7000000,1,2,1,1,1,1,293.0264766355844,301.15,1,1,0,0
5365,7000000,1,2,1,1,1,1,293.0264766355844,301.15,1,1,0,0
5370,7000000,1,2,1,1,1,1,293.0264766355844,301.15,1,1,0,0
5375,7000000,1,2,1,1,1,1,293.0264766355844,301.15,1,1,0,0
5380,7000000,1,2,1,1,1,1,293.0264766355844,301.15,1,1,0,0
5385,7000000,1,2,1,1,1,1,293.0264766355844,301.15,1,1,0,0
5390,7000000,1,2,1,1,1,1,293.0264766355844,301.15,1,1,0,0
5395,7000000,1,2,1,1,1,1,293.0264766355844,301.15,1,1,0,0
5400,7000000,1,2,1,1,1,1,293.0264766355844,301.15,1,1,0,0
5405,7000000,1,2,1,1,1,1,293.0264766355844,301.15,1,1,0,0
5410,7000000,1,2,1,1,1,1,293.0264766355844,301.15,1,1,0,0
5415,7000000,1,2,1,1,1,1,293.0264766355844,301.15,1,1,0,0
5420,7000000,1,2,1,1,1,1,293.0264766355844,301.15,1,1,0,0
5425,7000000,1,2,1,1,1,1,293.0264766355844,301.15,1,1,0,0
5430,7000000,1,2,1,1,1,1,293.0264766355844,301.15,1,1,0,0
5435,7000000,1,2,1,1,1,1,293.0264766355844,301.15,1,1,0,0
5440,7000000,1,2,1,1,1,1,293.0264766355844,301.15,1,1,0,0
5445,7000000,1,2,1,1,1,1,293.0264766355844,301.15,1,1,0,0
5450,7000000,1,2,1,1,1,1,293.0264766355844,301.15,1,1,0,0
5455,7000000,1,2,1,1,1,1,293.0264766355844,301.15,1,1,0,0
5460,7000000,1,2,1,1,1,1,293.0264766355844,301.15,1,1,0,0
5465,7000000,1,2,1,1,1,1,293.0264766355844,301.15,1,1,0,0
5470,7000000,1,2,1,1,1,1,293.0264766355844,301.15,1,1,0,0
5475,7000000,1,2,1,1,1,1,293.0264766355844,301.15,1,1,0,0
5480,7000000,1,2,1,1,1,1,293.0264766355844,301.15,1,1,0,0
5485,7000000,1,2,1,1,1,1,293.0264766355844,301.15,1,1,0,0
5490,7000000,1,2,1,1,1,1,293.0264766355844,301.15,1,1,0,0
5495,7000000,1,2,1,1,1,1,293.0264766355844,301.15,1,1,0,0
5500,7000000,1,2,1,1,1,1,293.0264766355844,301.15,1,1,0,0
5505,7000000,1,2,1,1,1,1,293.0264766355844,301.15,1,1,0,0
5510,7000000,1,2,1,1,1,1,293.0264766355844,301.15,1,1,0,0
5515,7000000,1,2,1,1,1,1,293.0264766355844,301.15,1,1,0,0
5520,7000000,1,2,1,1,1,1,293.0264766355844,301.15,1,1,0,0
5525,7000000,1,2,1,1,1,1,293.0264766355844,301.15,1,1,0,0
5530,7000000,1,2,1,1,1,1,293.0264766355844,301.15,1,1,0,0
5535,7000000,1,2,1,1,1,1,293.0264766355844,301.15,1,1,0,0
5540,7000000,1,2,1,1,1,1,293.0264766355844,301.15,1,1,0,0
5545,7000000,1,2,1,1,1,1,293.0264766355844,301.15,1,1,0,0
5550,7000000,1,2,1,1,1,1,293.0264766355844,301.15,1,1,0,0
5555,7000000,1,2,1,1,1,1,293.0264766355844,301.15,1,1,0,0
5560,7000000,1,2,1,1,1,1,293.0264766355844,301.15,1,1,0,0
5565,7000000,1,2,1,1,1,1,293.0264766355844,301.15,1,1,0,0
5570,7000000,1,2,1,1,1,1,293.0264766355844,301.15,1,1,0,0
5575,7000000,1,2,1,1,1,1,293.0264766355844,301.15,1,1,0,0
5580,7000000,1,2,1,1,1,1,293.0264766355844,301.15,1,1,0,0
5585,7000000,1,2,1,1,1,1,293.0264766355844,301.15,1,1,0,0
5590,7000000,1,2,1,1,1,1,293.0264766355844,301.15,1,1,0,0
5595,7000000,1,2,1,1,1,1,293.0264766355844,301.15,1,1,0,0
5600,7000000,1,2,1,1,1,1,293.0264766355844,301.15,1,1,0,0
5605,7000000,1,2,1,1,1,1,293.0264766355844,301.15,1,1,0,0
5610,7000000,1,2,1,1,1,1,293.0264766355844,301.15,1,1,0,0
5615,7000000,1,2,1,1,1,1,293.0264766355844,301.15,1,1,0,0
5620,7000000,1,2,1,1,1,1,293.0264766355844,301.15,1,1,0,0
5625,7000000,1,2,1,1,1,1,293.0264766355844,301.15,1,1,0,0
5630,7000000,1,2,1,1,1,1,293.0264766355844,301.15,1,1,0,0
5635,7000000,1,2,1,1,1,1,293.0264766355844,301.15,1,1,0,0
5640,7000000,1,2,1,1,1,1,293.0264766355844,301.15,1,1,0,0
5645,7000000,1,2,1,1,1,1,293.0264766355844,301.15,1,1,0,0
5650,7000000,1,2,1,1,1,1,293.0264766355844,301.15,1,1,0,0
5655,7000000,1,2,1,1,1,1,293.0264766355844,301.15,1,1,0,0
5660,7000000,1,2,1,1,1,1,293.0264766355844,301.15,1,1,0,0
5665,7000000,1,2,1,1,1,1,293.0264766355844,301.15,1,1,0,0
5670,7000000,1,2,1,1,1,1,293.0264766355844,301.15,1,1,0,0
5675,7000000,1,2,1,1,1,1,293.0264766355844,301.15,1,1,0,0
5680,7000000,1,2,1,1,1,1,293.0264766355844,301.15,1,1,0,0
5685,7000000,1,2,1,1,1,1,293.0264766355844,301.15,1,1,0,0
5690,7000000,1,2,1,1,1,1,293.0264766355844,301.15,1,1,0,0
5695,7000000,1,2,1,1,1,1,293.0264766355844,301.15,1,1,0,0
5700,7000000,1,2,1,1,1,1,293.0264766355844,301.15,1,1,0,0
5705,7000000,1,2,1,1,1,1,293.0264766355844,301.15,1,1,0,0
5710,7000000,1,2,1,1,1,1,293.0264766355844,301.15,1,1,0,0
5715,7000000,1,2,1,1,1,1,293.0264766355844,301.15,1,1,0,0
5720,7000000,1,2,1,1,1,1,293.0264766355844,301.15,1,1,0,0
5725,7000000,1,2,1,1,1,1,293.0264766355844,301.15,1,1,0,0
5730,7000000,1,2,1,1,1,1,293.0264766355844,301.15,1,1,0,0
5735,7000000,1,2,1,1,1,1,293.0264766355844,301.15,1,1,0,0
5740,7000000,1,2,1,1,1,1,293.0264766355844,301.15,1,1,0,0
5745,7000000,1,2,1,1,1,1,293.0264766355844,301.15,1,1,0,0
5750,7000000,1,2,1,1,1,1,293.0264766355844,301.15,1,1,0,0
5755,7000000,1,2,1,1,1,1,293.0264766355844,301.15,1,1,0,0
5760,7000000,1,2,1,1,1,1,293.0264766355844,301.15,1,1,0,0
5765,7000000,1,2,1,1,1,1,293.0264766355844,301.15,1,1,0,0
5770,7000000,1,2,1,1,1,1,293.0264766355844,301.15,1,1,0,0
5775,7000000,1,2,1,1,1,1,293.0264766355844,301.15,1,1,0,0
5780,7000000,1,2,1,1,1,1,293.0264766355844,301.15,1,1,0,0
5785,7000000,1,2,1,1,1,1,293.0264766355844,301.15,1,1,0,0
5790,7000000,1,2,1,1,1,1,293.0264766355844,301.15,1,1,0,0
5795,7000000,1,2,1,1,1,1,293.0264766355844,301.15,1,1,0,0
5800,7000000,1,2,1,1,1,1,293.0264766355844,301.15,1,1,0,0
5805,7000000,1,2,1,1,1,1,293.0264766355844,301.15,1,1,0,0
5810,7000000,1,2,1,1,1,1,293.0264766355844,301.15,1,1,0,0
5815,7000000,1,2,1,1,1,1,293.0264766355844,301.15,1,1,0,0
5820,7000000,1,2,1,1,1,1,293.0264766355844,301.15,1,1,0,0
5825,7000000,1,2,1,1,1,1,293.0264766355844,301.15,1,1,0,0
5830,7000000,1,2,1,1,1,1,293.0264766355844,301.15,1,1,0,0
5835,7000000,1,2,1,1,1,1,293.0264766355844,301.15,1,1,0,0
5840,7000000,1,2,1,1,1,1,293.0264766355844,301.15,1,1,0,0
5845,7000000,1,2,1,1,1,1,293.0264766355844,301.15,1,1,0,0
5850,7000000,1,2,1,1,1,1,293.0264766355844,301.15,1,1,0,0
5855,7000000,1,2,1,1,1,1,293.0264766355844,301.15,1,1,0,0
5860,7000000,1,2,1,1,1,1,293.0264766355844,301.15,1,1,0,0
5865,7000000,1,2,1,1,1,1,293.0264766355844,301.15,1,1,0,0
5870,7000000,1,2,1,1,1,1,293.0264766355844,301.15,1,1,0,0
5875,7000000,1,2,1,1,1,1,293.0264766355844,301.15,1,1,0,0
5880,7000000,1,2,1,1,1,1,293.0264766355844,301.15,1,1,0,0
5885,7000000,1,2,1,1,1,1,293.0264766355844,301.15,1,1,0,0
5890,7000000,1,2,1,1,1,1,293.0264766355844,301.15,1,1,0,0
5895,7000000,1,2,1,1,1,1,293.0264766355844,301.15,1,1,0,0
5900,7000000,1,2,1,1,1,1,293.0264766355844,301.15,1,1,0,0
5905,7000000,1,2,1,1,1,1,293.0264766355844,301.15,1,1,0,0
5910,7000000,1,2,1,1,1,1,293.0264766355844,301.15,1,1,0,0
5915,7000000,1,2,1,1,1,1,293.0264766355844,301.15,1,1,0,0
5920,7000000,1,2,1,1,1,1,293.0264766355844,301.15,1,1,0,0
5925,7000000,1,2,1,1,1,1,293.0264766355844,301.15,1,1,0,0
5930,7000000,1,2,1,1,1,1,293.0264766355844,301.15,1,1,0,0
5935,7000000,1,2,1,1,1,1,293.0264766355844,301.15,1,1,0,0
5940,7000000,1,2,1,1,1,1,293.0264766355844,301.15,1,1,0,0
5945,7000000,1,2,1,1,1,1,293.0264766355844,301.15,1,1,0,0
5950,7000000,1,2,1,1,1,1,293.0264766355844,301.15,1,1,0,0
5955,7000000,1,2,1,1,1,1,293.0264766355844,301.15,1,1,0,0
5960,7000000,1,2,1,1,1,1,293.0264766355844,301.15,1,1,0,0
5965,7000000,1,2,1,1,1,1,293.0264766355844,301.15,1,1,0,0
5970,7000000,1,2,1,1,1,1,293.0264766355844,301.15,1,1,0,0
5975,7000000,1,2,1,1,1,1,293.0264766355844,301.15,1,1,0,0
5980,7000000,1,2,1,1,1,1,293.0264766355844,301.15,1,1,0,0
5985,7000000,1,2,1,1,1,1,293.0264766355844,301.15,1,1,0,0
5990,7000000,1,2,1,1,1,1,293.0264766355844,301.15,1,1,0,0
5995,7000000,1,2,1,1,1,1,293.0264766355844,301.15,1,1,0,0
6000,7000000,1,2,1,1,1,1,293.0264766355844,301.15,1,1,0,0
6005,7000000,1,2,1,1,1,1,293.0264766355844,301.15,1,1,0,0
6010,7000000,1,2,1,1,1,1,293.0264766355844,301.15,1,1,0,0
6015,7000000,1,2,1,1,1,1,293.0264766355844,301.15,1,1,0,0
6020,7000000,1,2,1,1,1,1,293.0264766355844,301.15,1,1,0,0
6025,7000000,1,2,1,1,1,1,293.0264766355844,301.15,1,1,0,0
6030,7000000,1,2,1,1,1,1,293.0264766355844,301.15,1,1,0,0
6035,7000000,1,2,1,1,1,1,293.0264766355844,301.15,1,1,0,0
6040,7000000,1,2,1,1,1,1,293.0264766355844,301.15,1,1,0,0
6045,7000000,1,2,1,1,1,1,293.0264766355844,301.15,1,1,0,0
6050,7000000,1,2,1,1,1,1,293.0264766355844,301.15,1,1,0,0
6055,7000000,1,2,1,1,1,1,293.0264766355844,301.15,1,1,0,0
6060,7000000,1,2,1,1,1,1,293.0264766355844,301.15,1,1,0,0
6065,7000000,1,2,1,1,1,1,293.0264766355844,301.15,1,1,0,0
6070,7000000,1,2,1,1,1,1,293.0264766355844,301.15,1,1,0,0
6075,7000000,1,2,1,1,1,1,293.0264766355844,301.15,1,1,0,0
6080,7000000,1,2,1,1,1,1,293.0264766355844,301.15,1,1,0,0
6085,7000000,1,2,1,1,1,1,293.0264766355844,301.15,1,1,0,0
6090,7000000,1,2,1,1,1,1,293.0264766355844,301.15,1,1,0,0
6095,7000000,1,2,1,1,1,1,293.0264766355844,301.15,1,1,0,0
6100,7000000,1,2,1,1,1,1,293.0264766355844,301.15,1,1,0,0
6105,7000000,1,2,1,1,1,1,293.0264766355844,301.15,1,1,0,0
6110,7000000,1,2,1,1,1,1,293.0264766355844,301.15,1,1,0,0
6115,7000000,1,2,1,1,1,1,293.0264766355844,301.15,1,1,0,0
6120,7000000,1,2,1,1,1,1,293.0264766355844,301.15,1,1,0,0
6125,7000000,1,2,1,1,1,1,293.0264766355844,301.15,1,1,0,0
6130,7000000,1,2,1,1,1,1,293.0264766355844,301.15,1,1,0,0
6135,7000000,1,2,1,1,1,1,293.0264766355844,301.15,1,1,0,0
6140,7000000,1,2,1,1,1,1,293.0264766355844,301.15,1,1,0,0
6145,7000000,1,2,1,1,1,1,293.0264766355844,301.15,1,1,0,0
6150,7000000,1,2,1,1,1,1,293.0264766355844,301.15,1,1,0,0
6155,7000000,1,2,1,1,1,1,293.0264766355844,301.15,1,1,0,0
6160,7000000,1,2,1,1,1,1,293.0264766355844,301.15,1,1,0,0
6165,7000000,1,2,1,1,1,1,293.0264766355844,301.15,1,1,0,0
6170,7000000,1,2,1,1,1,1,293.0264766355844,301.15,1,1,0,0
6175,7000000,1,2,1,1,1,1,293.0264766355844,301.15,1,1,0,0
6180,7000000,1,2,1,1,1,1,293.0264766355844,301.15,1,1,0,0
6185,7000000,1,2,1,1,1,1,293.0264766355844,301.15,1,1,0,0
6190,7000000,1,2,1,1,1,1,293.0264766355844,301.15,1,1,0,0
6195,7000000,1,2,1,1,1,1,293.0264766355844,301.15,1,1,0,0
6200,7000000,1,2,1,1,1,1,293.0264766355844,301.15,1,1,0,0
6205,7000000,1,2,1,1,1,1,293.0264766355844,301.15,1,1,0,0
6210,7000000,1,2,1,1,1,1,293.0264766355844,301.15,1,1,0,0
6215,7000000,1,2,1,1,1,1,293.0264766355844,301.15,1,1,0,0
6220,7000000,1,2,1,1,1,1,293.0264766355844,301.15,1,1,0,0
6225,7000000,1,2,1,1,1,1,293.0264766355844,301.15,1,1,0,0
6230,7000000,1,2,1,1,1,1,293.0264766355844,301.15,1,1,0,0
6235,7000000,1,2,1,1,1,1,293.0264766355844,301.15,1,1,0,0
6240,7000000,1,2,1,1,1,1,293.0264766355844,301.15,1,1,0,0
6245,7000000,1,2,1,1,1,1,293.0264766355844,301.15,1,1,0,0
6250,7000000,1,2,1,1,1,1,293.0264766355844,301.15,1,1,0,0
6255,7000000,1,2,1,1,1,1,293.0264766355844,301.15,1,1,0,0
6260,7000000,1,2,1,1,1,1,293.0264766355844,301.15,1,1,0,0
6265,7000000,1,2,1,1,1,1,293.0264766355844,301.15,1,1,0,0
6270,7000000,1,2,1,1,1,1,293.0264766355844,301.15,1,1,0,0
6275,7000000,1,2,1,1,1,1,293.0264766355844,301.15,1,1,0,0
6280,7000000,1,2,1,1,1,1,293.0264766355844,301.15,1,1,0,0
6285,7000000,1,2,1,1,1,1,293.0264766355844,301.15,1,1,0,0
6290,7000000,1,2,1,1,1,1,293.0264766355844,301.15,1,1,0,0
6295,7000000,1,2,1,1,1,1,293.0264766355844,301.15,1,1,0,0
6300,7000000,1,2,1,1,1,1,293.0264766355844,301.15,1,1,0,0
6305,7000000,1,2,1,1,1,1,293.0264766355844,301.15,1,1,0,0
6310,7000000,1,2,1,1,1,1,293.0264766355844,301.15,1,1,0,0
6315,7000000,1,2,1,1,1,1,293.0264766355844,301.15,1,1,0,0
6320,7000000,1,2,1,1,1,1,293.0264766355844,301.15,1,1,0,0
6325,7000000,1,2,1,1,1,1,293.0264766355844,301.15,1,1,0,0
6330,7000000,1,2,1,1,1,1,293.0264766355844,301.15,1,1,0,0
6335,7000000,1,2,1,1,1,1,293.0264766355844,301.15,1,1,0,0
6340,7000000,1,2,1,1,1,1,293.0264766355844,301.15,1,1,0,0
6345,7000000,1,2,1,1,1,1,293.0264766355844,301.15,1,1,0,0
6350,7000000,1,2,1,1,1,1,293.0264766355844,301.15,1,1,0,0
6355,7000000,1,2,1,1,1,1,293.0264766355844,301.15,1,1,0,0
6360,7000000,1,2,1,1,1,1,293.0264766355844,301.15,1,1,0,0
6365,7000000,1,2,1,1,1,1,293.0264766355844,301.15,1,1,0,0
6370,7000000,1,2,1,1,1,1,293.0264766355844,301.15,1,1,0,0
6375,7000000,1,2,1,1,1,1,293.0264766355844,301.15,1,1,0,0
6380,7000000,1,2,1,1,1,1,293.0264766355844,301.15,1,1,0,0
6385,7000000,1,2,1,1,1,1,293.0264766355844,301.15,1,1,0,0
6390,7000000,1,2,1,1,1,1,293.0264766355844,301.15,1,1,0,0
6395,7000000,1,2,1,1,1,1,293.0264766355844,301.15,1,1,0,0
6400,7000000,1,2,1,1,1,1,293.0264766355844,301.15,1,1,0,0
6405,7000000,1,2,1,1,1,1,293.0264766355844,301.15,1,1,0,0
6410,7000000,1,2,1,1,1,1,293.0264766355844,301.15,1,1,0,0
6415,7000000,1,2,1,1,1,1,293.0264766355844,301.15,1,1,0,0
6420,7000000,1,2,1,1,1,1,293.0264766355844,301.15,1,1,0,0
6425,7000000,1,2,1,1,1,1,293.0264766355844,301.15,1,1,0,0
6430,7000000,1,2,1,1,1,1,293.0264766355844,301.15,1,1,0,0
6435,7000000,1,2,1,1,1,1,293.0264766355844,301.15,1,1,0,0
6440,7000000,1,2,1,1,1,1,293.0264766355844,301.15,1,1,0,0
6445,7000000,1,2,1,1,1,1,293.0264766355844,301.15,1,1,0,0
6450,7000000,1,2,1,1,1,1,293.0264766355844,301.15,1,1,0,0
6455,7000000,1,2,1,1,1,1,293.0264766355844,301.15,1,1,0,0
6460,7000000,1,2,1,1,1,1,293.0264766355844,301.15,1,1,0,0
6465,7000000,1,2,1,1,1,1,293.0264766355844,301.15,1,1,0,0
6470,7000000,1,2,1,1,1,1,293.0264766355844,301.15,1,1,0,0
6475,7000000,1,2,1,1,1,1,293.0264766355844,301.15,1,1,0,0
6480,7000000,1,2,1,1,1,1,293.0264766355844,301.15,1,1,0,0
6485,7000000,1,2,1,1,1,1,293.0264766355844,301.15,1,1,0,0
6490,7000000,1,2,1,1,1,1,293.0264766355844,301.15,1,1,0,0
6495,7000000,1,2,1,1,1,1,293.0264766355844,301.15,1,1,0,0
6500,7000000,1,2,1,1,1,1,293.0264766355844,301.15,1,1,0,0
6505,7000000,1,2,1,1,1,1,293.0264766355844,301.15,1,1,0,0
6510,7000000,1,2,1,1,1,1,293.0264766355844,301.15,1,1,0,0
6515,7000000,1,2,1,1,1,1,293.0264766355844,301.15,1,1,0,0
6520,7000000,1,2,1,1,1,1,293.0264766355844,301.15,1,1,0,0
6525,7000000,1,2,1,1,1,1,293.0264766355844,301.15,1,1,0,0
6530,7000000,1,2,1,1,1,1,293.0264766355844,301.15,1,1,0,0
6535,7000000,1,2,1,1,1,1,293.0264766355844,301.15,1,1,0,0
6540,7000000,1,2,1,1,1,1,293.0264766355844,301.15,1,1,0,0
6545,7000000,1,2,1,1,1,1,293.0264766355844,301.15,1,1,0,0
6550,7000000,1,2,1,1,1,1,293.0264766355844,301.15,1,1,0,0
6555,7000000,1,2,1,1,1,1,293.0264766355844,301.15,1,1,0,0
6560,7000000,1,2,1,1,1,1,293.0264766355844,301.15,1,1,0,0
6565,7000000,1,2,1,1,1,1,293.0264766355844,301.15,1,1,0,0
6570,7000000,1,2,1,1,1,1,293.0264766355844,301.15,1,1,0,0
6575,7000000,1,2,1,1,1,1,293.0264766355844,301.15,1,1,0,0
6580,7000000,1,2,1,1,1,1,293.0264766355844,301.15,1,1,0,0
6585,7000000,1,2,1,1,1,1,293.0264766355844,301.15,1,1,0,0
6590,7000000,1,2,1,1,1,1,293.0264766355844,301.15,1,1,0,0
6595,7000000,1,2,1,1,1,1,293.0264766355844,301.15,1,1,0,0
6600,7000000,1,2,1,1,1,1,293.0264766355844,301.15,1,1,0,0
6605,7000000,1,2,1,1,1,1,293.0264766355844,301.15,1,1,0,0
6610,7000000,1,2,1,1,1,1,293.0264766355844,301.15,1,1,0,0
6615,7000000,1,2,1,1,1,1,293.0264766355844,301.15,1,1,0,0
6620,7000000,1,2,1,1,1,1,293.0264766355844,301.15,1,1,0,0
6625,7000000,1,2,1,1,1,1,293.0264766355844,301.15,1,1,0,0
6630,7000000,1,2,1,1,1,1,293.0264766355844,301.15,1,1,0,0
6635,7000000,1,2,1,1,1,1,293.0264766355844,301.15,1,1,0,0
6640,7000000,1,2,1,1,1,1,293.0264766355844,301.15,1,1,0,0
6645,7000000,1,2,1,1,1,1,293.0264766355844,301.15,1,1,0,0
6650,7000000,1,2,1,1,1,1,293.0264766355844,301.15,1,1,0,0
6655,7000000,1,2,1,1,1,1,293.0264766355844,301.15,1,1,0,0
6660,7000000,1,2,1,1,1,1,293.0264766355844,301.15,1,1,0,0
6665,7000000,1,2,1,1,1,1,293.0264766355844,301.15,1,1,0,0
6670,7000000,1,2,1,1,1,1,293.0264766355844,301.15,1,1,0,0
6675,7000000,1,2,1,1,1,1,293.0264766355844,301.15,1,1,0,0
6680,7000000,1,2,1,1,1,1,293.0264766355844,301.15,1,1,0,0
6685,7000000,1,2,1,1,1,1,293.0264766355844,301.15,1,1,0,0
6690,7000000,1,2,1,1,1,1,293.0264766355844,301.15,1,1,0,0
6695,7000000,1,2,1,1,1,1,293.0264766355844,301.15,1,1,0,0
6700,7000000,1,2,1,1,1,1,293.0264766355844,301.15,1,1,0,0
6705,7000000,1,2,1,1,1,1,293.0264766355844,301.15,1,1,0,0
6710,7000000,1,2,1,1,1,1,293.0264766355844,301.15,1,1,0,0
6715,7000000,1,2,1,1,1,1,293.0264766355844,301.15,1,1,0,0
6720,7000000,1,2,1,1,1,1,293.0264766355844,301.15,1,1,0,0
6725,7000000,1,2,1,1,1,1,293.0264766355844,301.15,1,1,0,0
6730,7000000,1,2,1,1,1,1,293.0264766355844,301.15,1,1,0,0
6735,7000000,1,2,1,1,1,1,293.0264766355844,301.15,1,1,0,0
6740,7000000,1,2,1,1,1,1,293.0264766355844,301.15,1,1,0,0
6745,7000000,1,2,1,1,1,1,293.0264766355844,301.15,1,1,0,0
6750,7000000,1,2,1,1,1,1,293.0264766355844,301.15,1,1,0,0
6755,7000000,1,2,1,1,1,1,293.0264766355844,301.15,1,1,0,0
6760,7000000,1,2,1,1,1,1,293.0264766355844,301.15,1,1,0,0
6765,7000000,1,2,1,1,1,1,293.0264766355844,301.15,1,1,0,0
6770,7000000,1,2,1,1,1,1,293.0264766355844,301.15,1,1,0,0
6775,7000000,1,2,1,1,1,1,293.0264766355844,301.15,1,1,0,0
6780,7000000,1,2,1,1,1,1,293.0264766355844,301.15,1,1,0,0
6785,7000000,1,2,1,1,1,1,293.0264766355844,301.15,1,1,0,0
6790,7000000,1,2,1,1,1,1,293.0264766355844,301.15,1,1,0,0
6795,7000000,1,2,1,1,1,1,293.0264766355844,301.15,1,1,0,0
6800,7000000,1,2,1,1,1,1,293.0264766355844,301.15,1,1,0,0
6805,7000000,1,2,1,1,1,1,293.0264766355844,301.15,1,1,0,0
6810,7000000,1,2,1,1,1,1,293.0264766355844,301.15,1,1,0,0
6815,7000000,1,2,1,1,1,1,293.0264766355844,301.15,1,1,0,0
6820,7000000,1,2,1,1,1,1,293.0264766355844,301.15,1,1,0,0
6825,7000000,1,2,1,1,1,1,293.0264766355844,301.15,1,1,0,0
6830,7000000,1,2,1,1,1,1,293.0264766355844,301.15,1,1,0,0
6835,7000000,1,2,1,1,1,1,293.0264766355844,301.15,1,1,0,0
6840,7000000,1,2,1,1,1,1,293.0264766355844,301.15,1,1,0,0
6845,7000000,1,2,1,1,1,1,293.0264766355844,301.15,1,1,0,0
6850,7000000,1,2,1,1,1,1,293.0264766355844,301.15,1,1,0,0
6855,7000000,1,2,1,1,1,1,293.0264766355844,301.15,1,1,0,0
6860,7000000,1,2,1,1,1,1,293.0264766355844,301.15,1,1,0,0
6865,7000000,1,2,1,1,1,1,293.0264766355844,301.15,1,1,0,0
6870,7000000,1,2,1,1,1,1,293.0264766355844,301.15,1,1,0,0
6875,7000000,1,2,1,1,1,1,293.0264766355844,301.15,1,1,0,0
6880,7000000,1,2,1,1,1,1,293.0264766355844,301.15,1,1,0,0
6885,7000000,1,2,1,1,1,1,293.0264766355844,301.15,1,1,0,0
6890,7000000,1,2,1,1,1,1,293.0264766355844,301.15,1,1,0,0
6895,7000000,1,2,1,1,1,1,293.0264766355844,301.15,1,1,0,0
6900,7000000,1,2,1,1,1,1,293.0264766355844,301.15,1,1,0,0
6905,7000000,1,2,1,1,1,1,293.0264766355844,301.15,1,1,0,0
6910,7000000,1,2,1,1,1,1,293.0264766355844,301.15,1,1,0,0
6915,7000000,1,2,1,1,1,1,293.0264766355844,301.15,1,1,0,0
6920,7000000,1,2,1,1,1,1,293.0264766355844,301.15,1,1,0,0
6925,7000000,1,2,1,1,1,1,293.0264766355844,301.15,1,1,0,0
6930,7000000,1,2,1,1,1,1,293.0264766355844,301.15,1,1,0,0
6935,7000000,1,2,1,1,1,1,293.0264766355844,301.15,1,1,0,0
6940,7000000,1,2,1,1,1,1,293.0264766355844,301.15,1,1,0,0
6945,7000000,1,2,1,1,1,1,293.0264766355844,301.15,1,1,0,0
6950,7000000,1,2,1,1,1,1,293.0264766355844,301.15,1,1,0,0
6955,7000000,1,2,1,1,1,1,293.0264766355844,301.15,1,1,0,0
6960,7000000,1,2,1,1,1,1,293.0264766355844,301.15,1,1,0,0
6965,7000000,1,2,1,1,1,1,293.0264766355844,301.15,1,1,0,0
6970,7000000,1,2,1,1,1,1,293.0264766355844,301.15,1,1,0,0
6975,7000000,1,2,1,1,1,1,293.0264766355844,301.15,1,1,0,0
6980,7000000,1,2,1,1,1,1,293.0264766355844,301.15,1,1,0,0
6985,7000000,1,2,1,1,1,1,293.0264766355844,301.15,1,1,0,0
6990,7000000,1,2,1,1,1,1,293.0264766355844,301.15,1,1,0,0
6995,7000000,1,2,1,1,1,1,293.0264766355844,301.15,1,1,0,0
7000,7000000,1,2,1,1,1,1,293.0264766355844,301.15,1,1,0,0
7005,7000000,1,2,1,1,1,1,293.0264766355844,301.15,1,1,0,0
7010,7000000,1,2,1,1,1,1,293.0264766355844,301.15,1,1,0,0
7015,7000000,1,2,1,1,1,1,293.0264766355844,301.15,1,1,0,0
7020,7000000,1,2,1,1,1,1,293.0264766355844,301.15,1,1,0,0
7025,7000000,1,2,1,1,1,1,293.0264766355844,301.15,1,1,0,0
7030,7000000,1,2,1,1,1,1,293.0264766355844,301.15,1,1,0,0
7035,7000000,1,2,1,1,1,1,293.0264766355844,301.15,1,1,0,0
7040,7000000,1,2,1,1,1,1,293.0264766355844,301.15,1,1,0,0
7045,7000000,1,2,1,1,1,1,293.0264766355844,301.15,1,1,0,0
7050,7000000,1,2,1,1,1,1,293.0264766355844,301.15,1,1,0,0
7055,7000000,1,2,1,1,1,1,293.0264766355844,301.15,1,1,0,0
7060,7000000,1,2,1,1,1,1,293.0264766355844,301.15,1,1,0,0
7065,7000000,1,2,1,1,1,1,293.0264766355844,301.15,1,1,0,0
7070,7000000,1,2,1,1,1,1,293.0264766355844,301.15,1,1,0,0
7075,7000000,1,2,1,1,1,1,293.0264766355844,301.15,1,1,0,0
7080,7000000,1,2,1,1,1,1,293.0264766355844,301.15,1,1,0,0
7085,7000000,1,2,1,1,1,1,293.0264766355844,301.15,1,1,0,0
7090,7000000,1,2,1,1,1,1,293.0264766355844,301.15,1,1,0,0
7095,7000000,1,2,1,1,1,1,293.0264766355844,301.15,1,1,0,0
7100,7000000,1,2,1,1,1,1,293.0264766355844,301.15,1,1,0,0
7105,7000000,1,2,1,1,1,1,293.0264766355844,301.15,1,1,0,0
7110,7000000,1,2,1,1,1,1,293.0264766355844,301.15,1,1,0,0
7115,7000000,1,2,1,1,1,1,293.0264766355844,301.15,1,1,0,0
7120,7000000,1,2,1,1,1,1,293.0264766355844,301.15,1,1,0,0
7125,7000000,1,2,1,1,1,1,293.0264766355844,301.15,1,1,0,0
7130,7000000,1,2,1,1,1,1,293.0264766355844,301.15,1,1,0,0
7135,7000000,1,2,1,1,1,1,293.0264766355844,301.15,1,1,0,0
7140,7000000,1,2,1,1,1,1,293.0264766355844,301.15,1,1,0,0
7145,7000000,1,2,1,1,1,1,293.0264766355844,301.15,1,1,0,0
7150,7000000,1,2,1,1,1,1,293.0264766355844,301.15,1,1,0,0
7155,7000000,1,2,1,1,1,1,293.0264766355844,301.15,1,1,0,0
7160,7000000,1,2,1,1,1,1,293.0264766355844,301.15,1,1,0,0
7165,7000000,1,2,1,1,1,1,293.0264766355844,301.15,1,1,0,0
7170,7000000,1,2,1,1,1,1,293.0264766355844,301.15,1,1,0,0
7175,7000000,1,2,1,1,1,1,293.0264766355844,301.15,1,1,0,0
7180,7000000,1,2,1,1,1,1,293.0264766355844,301.15,1,1,0,0
7185,7000000,1,2,1,1,1,1,293.0264766355844,301.15,1,1,0,0
7190,7000000,1,2,1,1,1,1,293.0264766355844,301.15,1,1,0,0
7195,7000000,1,2,1,1,1,1,293.0264766355844,301.15,1,1,0,0
7200,7000000,1,2,1,1,1,1,293.0264766355844,301.15,1,1,0,0
