"time","singleChiller.singleChiller.chillerWithHex2_1.chi.P","supplyTemp","returnTemp"
0,1548233.90474615,293.15,288.15
5,1509185.069902339,293.15,288.4811063821123
10,226533.8238324791,290.5204193115225,288.789764641512
15,462939.5787426294,290.7536732471099,289.0325720094517
20,633217.6497288182,291.1355021679228,289.2868671462676
25,774803.4709548949,291.5320512074856,289.5557164035883
30,827635.17606787,291.8757638257904,289.8388824105354
35,732658.6608371662,292.1160982871854,290.1348163508217
40,684347.7362636266,292.2600906915571,290.440638957797
45,660880.7959446269,292.3448385586781,290.7555180548537
50,650063.3879603529,292.3940483245806,291.0798148556934
55,645303.2262774108,292.4219715740193,291.4149115631072
60,643278.9280488881,292.4363769000641,291.7631181930911
65,642390.6783831065,292.441201395059,292.1277091902654
70,641899.3402111925,292.4382194506068,292.5132785115675
75,641510.7837849769,292.4277673751319,292.9255000204036
80,641128.1203581842,292.4093163070948,293.3737877213242
85,640689.214103477,292.3818395918626,293.8693434237408
90,640216.6478266531,292.3432520577446,294.430396319711
95,639774.2002031227,292.2900979472647,295.0883837009441
100,639446.0205652241,292.2168216203005,295.8904575624726
105,639330.1684457442,292.1141051656071,296.2183107761635
110,639618.6721686426,291.9651185050348,296.0813735302493
115,640519.2130986556,291.7364258091641,295.942771340003
120,642643.9675190994,291.3669747092097,295.7991833900892
125,643215.420964217,291.3583258459131,295.653506435217
130,643763.674167041,291.3628962694519,295.5127682697081
135,644243.5079274881,291.3664931102752,295.3767605308502
140,644643.2791512307,291.3696356421633,295.2453218519396
145,644964.3223479756,291.3725572265842,295.1183019563556
150,645214.1823215728,291.3753682284348,294.9955483246871
155,645402.3743468934,291.3781159726011,294.8769140457842
160,645537.5825169922,291.3808252369806,294.7622616233826
165,645628.6356160318,291.3835106676625,294.6514546033728
170,645682.8626028199,291.3861522899488,294.5443690248525
175,645706.9261477217,291.3887561211422,294.4408782353568
180,645706.0749029581,291.3913143139108,294.3408636979668
185,645683.8026860796,291.393830539348,294.244212759568
190,645644.4472582635,291.3963044948859,294.1508104147449
195,645590.3598525919,291.398739955352,294.0605510824515
200,645524.1675988918,291.401138080652,293.9733301353804
205,645448.0682041576,291.4035005374407,293.8890455977431
210,645363.6599438227,291.4058276498535,293.8076022540639
215,645272.4901937507,291.4081200886473,293.7289065076664
220,645175.728823155,291.4103780878815,293.6528690707306
225,645075.0880887242,291.4126024971274,293.5793942004832
230,644970.6954862535,291.4147933961892,293.5084082519091
235,644864.1714046849,291.4169514860627,293.4398164383251
240,644755.841124718,291.4190771883476,293.3735448310688
245,644646.2092902664,291.4211709449246,293.3095164352115
250,644536.0755350204,291.4232332517603,293.2476502072865
255,644425.3289438749,291.4252645872343,293.1878847690329
260,644314.6928497104,291.4272654224254,293.130139603685
265,644203.964860813,291.4292361949945,293.0743645259706
270,644093.5140748679,291.4311773729698,293.0204884943847
275,643983.791203755,291.4330894287141,292.9684374904918
280,643875.048969961,291.4349728146659,292.9181460566405
285,643766.785088663,291.436827870295,292.8695866243798
290,643659.5884294407,291.4386550983311,292.8226768687084
295,643553.6613495147,291.4404549436676,292.7773538625883
300,643448.7754964088,291.4422277365125,292.7335875077144
305,643344.6579748505,291.4439737952162,292.6913510999096
310,643241.7929745993,291.4456936397031,292.6505602345955
315,643140.3123194715,291.4473876960711,292.6111573649434
320,643040.3478515695,291.4490563904183,292.5730849441245
325,642942.031430718,291.4507001488425,292.5362854253099
330,642844.5130374056,291.4523190058977,292.500808946938
335,642748.2990137219,291.4539135370169,292.466556890988
340,642653.5097037031,291.4554841636989,292.4334729754864
345,642560.1941129761,291.457031278991,292.4015087434989
350,642468.4012574258,291.4585552759401,292.3706157380917
355,642377.9807451285,291.4600564109714,292.3407812325138
360,642288.6243501992,291.4615348323827,292.3120207781819
365,642200.5999047986,291.4629910831276,292.2842467136362
370,642113.9075802133,291.464425522777,292.2574193368672
375,642028.5475537175,291.4658385109017,292.2314989458657
380,641944.5200084515,291.4672304070724,292.2064458386222
385,641860.7347572537,291.4686144177124,292.181251871729
390,641777.8841756767,291.4699818856005,292.156586960407
395,641696.2128376279,291.4713298595906,292.1326759441898
400,641615.7206388783,291.4726583396828,292.1095188230774
405,641536.4074767045,291.4739673258769,292.0871155970698
410,641458.2732498918,291.475256818173,292.0654662661669
415,641381.3178587415,291.4765268165711,292.0445708303689
420,641305.5412050619,291.4777773210712,292.0244292896755
425,641230.9431921632,291.4790083316734,292.005041644087
430,641157.5237248818,291.4802198483775,291.9864078936033
435,641085.282709558,291.4814118711836,291.9685280382243
440,641014.2200540339,291.4825844000918,291.9514020779501
445,640944.3356676652,291.4837374351019,291.9350300127807
450,640875.6294613297,291.4848709762141,291.919411842716
455,640808.1013473994,291.4859850234283,291.9045475677561
460,640741.7512397661,291.4870795767444,291.8904371879011
465,640676.5790538266,291.4881546361626,291.8770807031507
470,640610.8683367611,291.4892384730292,291.8624242128236
475,640546.0401510869,291.4903076802374,291.8481682327669
480,640482.1860708401,291.4913607483244,291.8344224247805
485,640419.3060286033,291.4923976772902,291.8211867888645
490,640357.3999579982,291.4934184671348,291.8084613250186
495,640296.4677936768,291.4944231178582,291.7962460332432
500,640236.509471337,291.4954116294604,291.784540913538
505,640177.5249277049,291.4963840019414,291.7733459659032
510,640119.5141005465,291.4973402353011,291.7626611903386
515,640062.4769286583,291.4982803295397,291.7524865868444
520,640006.4133518864,291.4992042846571,291.7428221554205
525,639951.3233110973,291.5001121006533,291.7336678960669
530,639897.2067482019,291.5010037775282,291.7250238087836
535,639844.0636061564,291.5018793152819,291.7168898935706
540,639791.8938289344,291.5027387139145,291.7092661504279
545,639740.6973615588,291.5035819734259,291.7021525793555
550,639690.3331464019,291.5044114737562,291.6954037594297
555,639639.3203392306,291.5052522091383,291.6874924739433
560,639589.0852271282,291.5060801056239,291.6798897076834
565,639539.6277680416,291.5068951632129,291.67259546065
570,639490.9479205611,291.5076973819052,291.6656097328431
575,639443.045643953,291.508486761701,291.6589325242626
580,639395.9208981174,291.5092633026001,291.6525638349087
585,639349.5736436103,291.5100270046025,291.6465036647813
590,639304.0038416472,291.5107778677084,291.6407520138804
595,639259.2114540974,291.5115158919177,291.6353088822059
600,639215.1964434753,291.5122410772304,291.630174269758
605,639171.958772955,291.5129534236464,291.6253481765366
610,639129.4984063589,291.5136529311658,291.6208306025416
615,639087.8153081697,291.5143395997887,291.6166215477732
620,639046.9094435121,291.5150134295149,291.6127210122312
625,639006.7807781762,291.5156744203445,291.6091289959158
630,638967.4292785927,291.5163225722775,291.6058454988268
635,638928.4925814106,291.516963918203,291.6026026819162
640,638888.9481104013,291.5176154842167,291.5986446464446
645,638849.9692806005,291.5182577325559,291.5948388003312
650,638811.5528298318,291.5188907171452,291.5911827495083
655,638773.6954964428,291.5195144919093,291.5876740999083
660,638736.3940192924,291.5201291107731,291.5843104574635
665,638699.6451377477,291.5207346276612,291.5810894281061
670,638663.4455916802,291.5213310964983,291.5780086177684
675,638627.7921214503,291.5219185712091,291.5750656323828
680,638592.6814679129,291.5224971057183,291.5722580778816
685,638558.1103724048,291.5230667539508,291.5695835601971
690,638524.0755767324,291.5236275698311,291.5670396852616
695,638490.573823175,291.524179607284,291.5646240590074
700,638457.6018544817,291.5247229202342,291.5623342873669
705,638425.1564138442,291.5252575626066,291.5601679762722
710,638393.2342449194,291.5257835883256,291.5581227316558
715,638361.8320918009,291.5263010513161,291.5561961594499
720,638330.9466990187,291.5268100055028,291.5543858655869
725,638300.5748115404,291.5273105048104,291.5526894559991
730,638270.7131747607,291.5278026031637,291.5511045366187
735,638241.3585344877,291.5282863544872,291.5496287133781
740,638212.5076369535,291.5287618127059,291.5482595922096
745,638184.1572287855,291.5292290317443,291.5469947790455
750,638156.3040570259,291.5296880655272,291.5458318798181
755,638128.9448691063,291.5301389679793,291.5447685004597
760,638102.0764128488,291.5305817930253,291.5438022469026
765,638075.6954364687,291.53101659459,291.5429307250792
770,638049.7986885512,291.5314434265981,291.5421515409217
775,638024.382918063,291.5318623429742,291.5414623003625
780,637999.4448743251,291.5322733976431,291.5408606093338
785,637974.9813070351,291.5326766445295,291.5403440737679
790,637950.988966244,291.5330721375582,291.5399102995973
795,637927.4646023477,291.5334599306538,291.5395568927541
800,637904.4049660979,291.533840077741,291.5392814591708
805,637881.8068085699,291.5342126327447,291.5390816047795
810,637858.7977125567,291.5345918475171,291.5387836321597
815,637836.1591999214,291.5349649569436,291.5385398137901
820,637813.894429581,291.5353319103165,291.5383490180297
825,637791.998001838,291.5356927967382,291.5382084263829
830,637770.4645173189,291.5360477053105,291.5381152203538
835,637749.2885769517,291.5363967251357,291.5380665814467
840,637728.4647819748,291.5367399453157,291.5380596911658
845,637707.9877339161,291.5370774549526,291.5380917310154
850,637687.8520345922,291.5374093431486,291.5381598824995
855,637668.0522861111,291.5377356990056,291.5382613271227
860,637648.5830908432,291.5380566116258,291.5383932463889
865,637629.4390514313,291.5383721701112,291.5385528218024
870,637610.6147707877,291.538682463564,291.5387372348675
875,637592.1048520735,291.5389875810861,291.5389436670885
880,637573.9038987012,291.5392876117797,291.5391692999694
885,637556.0065143299,291.5395826447468,291.5394113150146
890,637538.4073028644,291.5398727690895,291.5396668937283
895,637521.100868419,291.5401580739099,291.5399332176147
900,637504.0818153593,291.54043864831,291.540207468178
905,637487.3447482643,291.5407145813919,291.5404868269225
910,637470.884271919,291.5409859622578,291.5407684753524
915,637454.6949913296,291.5412528800096,291.5410495949719
920,637438.771511709,291.5415154237495,291.5413273672853
925,637423.1084384603,291.5417736825795,291.5415989737967
930,637407.7003771865,291.5420277456017,291.5418615960105
935,637392.5419336789,291.5422777019182,291.5421124154308
940,637377.6277139185,291.542523640631,291.5423486135618
945,637362.9523240607,291.5427656508422,291.5425673719078
950,637348.5103704338,291.5430038216539,291.5427658719731
955,637334.2964595545,291.5432382421682,291.5429412952618
960,637320.3051980756,291.5434690014872,291.5430908232781
965,637306.5311928431,291.5436961887128,291.5432116375264
970,637292.9690508391,291.5439198929472,291.5433009195107
975,637279.6133792149,291.5441402032925,291.5433558507355
980,637266.9361069084,291.5443492279855,291.544044501047
985,637254.6466254744,291.5445518248779,291.5449631808277
990,637242.5912144921,291.5447505631112,291.5459005942275
995,637230.7650766247,291.5449455218325,291.5468547595809
1000,637219.1634146726,291.5451367801891,291.547823695222
1005,637207.7814315686,291.5453244173281,291.5488054194851
1010,637196.6143303795,291.5455085123967,291.5497979507045
1015,637185.6573142956,291.5456891445421,291.5507993072147
1020,637174.9055866363,291.5458663929114,291.5518075073496
1025,637164.3543508337,291.5460403366517,291.5528205694438
1030,637153.9988104394,291.5462110549105,291.5538365118314
1035,637143.834169124,291.5463786268346,291.5548533528469
1040,637133.8556306527,291.5465431315714,291.5558691108242
1045,637124.058398915,291.546704648268,291.556881804098
1050,637114.437677888,291.5468632560716,291.5578894510023
1055,637104.9886716631,291.5470190341292,291.5588900698715
1060,637095.7065844141,291.5471720615882,291.5598816790399
1065,637086.586620423,291.5473224175958,291.5608622968417
1070,637077.6239840566,291.5474701812989,291.5618299416113
1075,637068.8138797669,291.5476154318449,291.5627826316829
1080,637060.1515120963,291.5477582483809,291.5637183853907
1085,637051.632085668,291.5478987100541,291.5646352210692
1090,637043.2508051927,291.5480368960116,291.5655311570525
1095,637035.0028754569,291.5481728854006,291.566404211675
1100,637026.883501319,291.5483067573683,291.5672524032709
1105,637018.887887706,291.5484385910619,291.5680737501744
1110,637011.011239638,291.5485684656285,291.5688662707201
1115,637003.2487621843,291.5486964602154,291.569627983242
1120,636995.5956604894,291.5488226539696,291.5703569060744
1125,636988.047139761,291.5489471260383,291.5710510575518
1130,636980.5984052815,291.5490699555688,291.5717084560083
1135,636973.2446623747,291.5491912217082,291.5723271197781
1140,636965.9811164489,291.5493110036036,291.5729050671957
1145,636958.8029729538,291.5494293804022,291.5734403165952
1150,636951.7054373977,291.5495464312513,291.573930886311
1155,636944.6837153572,291.5496622352979,291.5743747946774
1160,636937.733012457,291.5497768716893,291.5747700600286
1165,636930.8485343701,291.5498904195727,291.5751147006989
1170,636924.025486826,291.5500029580951,291.5754067350227
1175,636917.2590756067,291.5501145664038,291.575644181334
1180,636910.5445065389,291.550225323646,291.5758250579674
1185,636903.8769855123,291.5503353089687,291.5759473832571
1190,636897.2517184445,291.5504446015192,291.5760091755373
1195,636890.6639113151,291.5505532804448,291.5760084531422
1200,636884.1087701492,291.5506614248924,291.5759432344063
1205,636877.5815010163,291.5507691140093,291.5758115376638
1210,636871.0773100306,291.5508764269427,291.5756113812489
1215,636864.5914033498,291.5509834428397,291.575340783496
1220,636858.1189871815,291.5510902408475,291.5749977627393
1225,636851.6552677731,291.5511969001134,291.5745803373131
1230,636845.1954514278,291.5513034997844,291.5740865255518
1235,636838.7347444735,291.5514101190077,291.5735143457895
1240,636832.2683533048,291.5515168369305,291.5728618163606
1245,636827.3605124666,291.5515977868639,291.5732339766043
1250,636822.8462998573,291.5516722320111,291.573810326111
1255,636818.4197673579,291.5517452314676,291.5743764056882
1260,636814.0780888348,291.5518168318389,291.5749316221008
1265,636809.818438169,291.551887079731,291.5754753821133
1270,636805.6379892773,291.5519560217497,291.5760070924903
1275,636801.5339160954,291.5520237045006,291.5765261599965
1280,636797.5033925822,291.5520901745898,291.5770319913966
1285,636793.5435927113,291.5521554786228,291.5775239934551
1290,636789.6516905001,291.5522196632056,291.5780015729368
1295,636785.8248599586,291.5522827749439,291.5784641366061
1300,636782.0602751398,291.5523448604435,291.5789110912278
1305,636778.3551101036,291.5524059663102,291.5793418435666
1310,636774.7065389277,291.5524661391498,291.5797558003869
1315,636771.1117357219,291.5525254255681,291.5801523684535
1320,636767.5678745988,291.552583872171,291.5805309545311
1325,636764.0721296909,291.5526415255641,291.5808909653841
1330,636760.6216751576,291.5526984323533,291.5812318077774
1335,636757.213685159,291.5527546391445,291.5815528884755
1340,636753.8453338882,291.5528101925433,291.581853614243
1345,636750.5137955367,291.5528651391556,291.5821333918445
1350,636747.2162443295,291.5529195255871,291.5823916280449
1355,636743.9498544836,291.5529733984438,291.5826277296085
1360,636740.7118002551,291.5530268043313,291.5828411033002
1365,636737.4992558911,291.5530797898555,291.5830311558844
1370,636734.3093956688,291.5531324016221,291.583197294126
1375,636731.1393938741,291.553184686237,291.5833389247894
1380,636727.9864248033,291.553236690306,291.5834554546394
1385,636724.8476627672,291.5532884604348,291.5835462904405
1390,636721.7202820885,291.5533400432292,291.5836108389574
1395,636718.6014571108,291.5533914852952,291.5836485069548
1400,636715.4883621745,291.5534428332383,291.5836587011972
1405,636712.3781716541,291.5534941336645,291.5836408284493
1410,636709.2680599133,291.5535454331795,291.5835942954758
1415,636706.1552013456,291.5535967783891,291.5835185090413
1420,636703.0367703539,291.5536482158992,291.5834128759103
1425,636699.9099413459,291.5536997923155,291.5832768028476
1430,636696.7718887511,291.5537515542438,291.5831096966178
1435,636693.6197870057,291.5538035482899,291.5829109639855
1440,636690.4508105615,291.5538558210596,291.5826800117154
1445,636687.2621338833,291.5539084191588,291.582416246572
1450,636684.0509314528,291.5539613891931,291.5821190753201
1455,636680.8143777561,291.5540147777684,291.5817879047242
1460,636677.5496472984,291.5540686314906,291.581422141549
1465,636674.2539146031,291.5541229969653,291.5810211925591
1470,636670.9243542042,291.5541779207985,291.5805844645192
1475,636667.5581406435,291.5542334495958,291.580111364194
1480,636664.1524484884,291.554289629963,291.5796012983479
1485,636660.7044523145,291.5543465085061,291.5790536737457
1490,636657.2113267233,291.5544041318307,291.578467897152
1495,636653.6702463196,291.5544625465427,291.5778433753314
1500,636650.0783857311,291.5545217992478,291.5771795150487
1505,636646.4329196034,291.5545819365519,291.5764757230683
1510,636644.1715727857,291.5546192381297,291.5763125774204
1515,636642.0738738152,291.5546538398798,291.5761982426599
1520,636640.0044580059,291.5546879751028,291.5760786544408
1525,636637.9621477741,291.5547216632145,291.5759538844034
1530,636635.9457655468,291.5547549236308,291.5758240041882
1535,636633.9541337499,291.5547877757673,291.5756890854355
1540,636631.9860748173,291.5548202390399,291.5755491997855
1545,636630.0404111844,291.5548523328644,291.5754044188788
1550,636628.1159652896,291.5548840766564,291.5752548143555
1555,636626.2115595773,291.5549154898318,291.5751004578561
1560,636624.3260164881,291.5549465918065,291.5749414210209
1565,636622.458158484,291.5549774019961,291.5747777754901
1570,636620.6068080128,291.5550079398165,291.5746095929043
1575,636618.770787531,291.5550382246834,291.5744369449037
1580,636616.9489195027,291.5550682760127,291.5742599031286
1585,636615.1400263873,291.55509811322,291.5740785392194
1590,636613.3429306559,291.5551277557212,291.5738929248164
1595,636611.5564547809,291.5551572229321,291.5737031315601
1600,636609.7794212297,291.5551865342683,291.5735092310907
1605,636608.0106524867,291.5552157091459,291.5733112950485
1610,636606.2489710235,291.5552447669804,291.5731093950739
1615,636604.4931993305,291.5552737271877,291.5729036028073
1620,636602.7421598887,291.5553026091836,291.572693989889
1625,636600.9946751903,291.5553314323839,291.5724806279594
1630,636599.2495677248,291.5553602162043,291.5722635886586
1635,636597.5056599921,291.5553889800606,291.5720429436273
1640,636595.7617744782,291.5554177433686,291.5718187645056
1645,636594.0167336939,291.5554465255441,291.5715911229339
1650,636592.2693601442,291.5554753460028,291.5713600905526
1655,636590.5184763302,291.5555042241606,291.571125739002
1660,636588.7629047622,291.5555331794332,291.5708881399224
1665,636587.0014679543,291.5555622312364,291.5706473649541
1670,636585.2329884227,291.555591398986,291.5704034857377
1675,636583.4562886809,291.5556207020977,291.5701565739133
1680,636581.6701912574,291.5556501599875,291.5699067011212
1685,636579.873518672,291.5556797920709,291.569653939002
1690,636578.0650934542,291.5557096177639,291.5693983591958
1695,636576.2437381379,291.5557396564821,291.5691400333431
1700,636574.4082752564,291.5557699276414,291.5688790330842
1705,636572.5575273409,291.5558004506576,291.5686154300593
1710,636570.6903169402,291.5558312449464,291.5683492959089
1715,636568.8054665943,291.5558623299237,291.5680807022734
1720,636566.9017988502,291.5558937250051,291.567809720793
1725,636564.9781362682,291.5559254496066,291.5675364231082
1730,636563.0333013916,291.5559575231438,291.5672608808591
1735,636561.0661167826,291.5559899650326,291.5669831656862
1740,636559.0754050084,291.5560227946886,291.5667033492298
1745,636557.0599886336,291.5560560315278,291.5664215031303
1750,636555.0186902302,291.5560896949659,291.566137699028
1755,636552.9503323672,291.5561238044187,291.5658520085633
1760,636550.8537376282,291.5561583793019,291.5655645033764
1765,636548.7277285937,291.5561934390313,291.5652752551078
1770,636546.5711278594,291.5562290030228,291.5649843353978
1775,636545.1799811166,291.5562519469976,291.5647437419459
1780,636543.8081839792,291.5562745718504,291.5645050266402
1785,636542.4482842091,291.5562970004477,291.5642678524238
1790,636541.0999424054,291.5563192383877,291.5640323455258
1795,636539.7628191777,291.5563412912684,291.5637986321754
1800,636538.4365751446,291.556363164688,291.5635668386017
1805,636537.120870905,291.5563848642445,291.5633370910338
1810,636535.8153670796,291.556406395536,291.5631095157008
1815,636534.5197242739,291.5564277641606,291.5628842388318
1820,636533.233603111,291.5564489757164,291.562661386656
1825,636531.9566641978,291.5564700358015,291.5624410854024
1830,636530.6885681457,291.5564909500139,291.5622234613002
1835,636529.4289755735,291.5565117239519,291.5620086405785
1840,636528.1775471026,291.5565323632134,291.5617967494665
1845,636526.9339433403,291.5565528733966,291.5615879141931
1850,636525.6978249098,291.5565732600995,291.5613822609877
1855,636524.4688524236,291.5565935289202,291.5611799160792
1860,636523.2466865083,291.556613685457,291.5609810056968
1865,636522.0309877772,291.5566337353077,291.5607856560695
1870,636520.8214168537,291.5566536840706,291.5605939934267
1875,636519.6176343551,291.5566735373436,291.5604061439972
1880,636518.4193009016,291.556693300725,291.5602222340103
1885,636517.2260771217,291.5567129798127,291.5600423896951
1890,636516.0376236315,291.556732580205,291.5598667372806
1895,636514.853601056,291.5567521074998,291.5596954029961
1900,636513.6736700174,291.5567715672953,291.5595285130706
1905,636512.497491141,291.5567909651896,291.5593661937333
1910,636511.3247250555,291.5568103067807,291.5592085712132
1915,636510.1550323765,291.5568295976668,291.5590557717395
1920,636508.9880737389,291.5568488434458,291.5589079215412
1925,636507.8235097668,291.5568680497161,291.5587651468476
1930,636506.6610010861,291.5568872220755,291.5586275738877
1935,636505.500208325,291.5569063661223,291.5584953288907
1940,636504.340792111,291.5569254874545,291.5583685380856
1945,636503.182413074,291.5569445916701,291.5582473277016
1950,636502.0247318418,291.5569636843674,291.5581318239678
1955,636500.8674090445,291.5569827711443,291.5580221531133
1960,636499.7101053162,291.557001857599,291.5579184413673
1965,636498.5524812839,291.5570209493296,291.5578208149588
1970,636497.3941975797,291.5570400519341,291.557729400117
1975,636496.2349148347,291.5570591710107,291.5576443230709
1980,636495.0742936862,291.5570783121574,291.5575657100497
1985,636493.9119947627,291.5570974809724,291.5574936872826
1990,636492.7476787018,291.5571166830537,291.5574283809986
1995,636491.5810061343,291.5571359239994,291.5573699174269
2000,636490.4116376957,291.5571552094076,291.5573184227965
2005,636489.2392340236,291.5571745448764,291.5572740233366
2010,636488.0634557551,291.557193936004,291.5572368452763
2015,636486.8839635229,291.5572133883882,291.5572070148448
2020,636485.7004179672,291.5572329076274,291.557184658271
2025,636484.5124797265,291.5572524993195,291.5571699017843
2030,636483.3198094385,291.5572721690627,291.5571628716136
2035,636482.1411521256,291.5572916077531,291.5571534799592
2040,636481.2200017094,291.5573068001522,291.557011885937
2045,636480.3053132278,291.5573218859796,291.5568728966825
2050,636479.3970866809,291.5573368652354,291.5567365121959
2055,636478.4953220624,291.5573517379196,291.5566027324771
2060,636477.6000193653,291.5573665040323,291.5564715575262
2065,636476.7111785812,291.5573811635734,291.556342987343
2070,636475.828799707,291.5573957165428,291.5562170219276
2075,636474.9528827353,291.5574101629407,291.5560936612801
2080,636474.0834276591,291.557424502767,291.5559729054004
2085,636473.2204344732,291.5574387360217,291.5558547542885
2090,636472.3639031701,291.5574528627047,291.5557392079444
2095,636471.5138337462,291.5574668828162,291.5556262663681
2100,636470.6702261958,291.5574807963562,291.5555159295596
2105,636469.8330805132,291.5574946033245,291.555408197519
2110,636469.0023966922,291.5575083037212,291.5553030702462
2115,636468.1781747243,291.5575218975463,291.5552005477412
2120,636467.3604146071,291.5575353847998,291.5551006300039
2125,636466.5491163309,291.5575487654818,291.5550033170346
2130,636465.7442798939,291.5575620395921,291.554908608833
2135,636464.9459052874,291.5575752071309,291.5548165053992
2140,636464.1539925123,291.557588268098,291.5547270067333
2145,636463.3685415559,291.5576012224936,291.5546401128352
2150,636462.5895524169,291.5576140703176,291.5545558237048
2155,636461.817025083,291.5576268115699,291.5544741393423
2160,636461.0509595611,291.5576394462507,291.5543950597477
2165,636460.291355838,291.5576519743599,291.5543185849208
2170,636459.5382139065,291.5576643958975,291.5542447148617
2175,636458.7915337627,291.5576767108636,291.5541734495705
2180,636458.0513154102,291.5576889192579,291.5541047890471
2185,636457.3175588315,291.5577010210808,291.5540387332914
2190,636456.5902640281,291.557713016332,291.5539752823036
2195,636455.8694309916,291.5577249050116,291.5539144360836
2200,636455.1550597227,291.5577366871197,291.5538561946315
2205,636454.4471502074,291.5577483626561,291.5538005579471
2210,636453.7457024505,291.557759931621,291.5537475260306
2215,636453.0507164408,291.5577713940143,291.5536970988819
2220,636452.3621921794,291.557782749836,291.5536492765009
2225,636451.6801296524,291.557793999086,291.5536040588879
2230,636451.0045288641,291.5578051417645,291.5535614460425
2235,636450.3353898041,291.5578161778714,291.5535214379651
2240,636449.6727124676,291.5578271074067,291.5534840346554
2245,636449.0164968559,291.5578379303704,291.5534492361136
2250,636448.3667429552,291.5578486467625,291.5534170423396
2255,636447.7234507711,291.557859256583,291.5533874533334
2260,636447.0866202916,291.5578697598319,291.5533604690949
2265,636446.4562515193,291.5578801565093,291.5533360896243
2270,636445.8323444406,291.557890446615,291.5533143149216
2275,636445.2148990597,291.5579006301492,291.5532951449866
2280,636444.6039153645,291.5579107071117,291.5532785798195
2285,636443.9993933582,291.5579206775027,291.5532646194201
2290,636443.401333035,291.557930541322,291.5532532637886
2295,636442.8097343835,291.5579402985698,291.5532445129249
2300,636442.2245974097,291.557949949246,291.5532383668291
2305,636441.645922103,291.5579594933506,291.553234825501
2310,636441.0737084656,291.5579689308836,291.5532338889407
2315,636440.5079564841,291.557978261845,291.5532355571483
2320,636439.9486661638,291.5579874862348,291.5532398301237
2325,636439.3958374952,291.557996604053,291.5532467078668
2330,636438.8494704742,291.5580056152996,291.5532561903779
2335,636438.3095650991,291.5580145199746,291.5532682776567
2340,636437.776121368,291.5580233180781,291.5532829697033
2345,636437.2491392758,291.5580320096099,291.5533002665177
2350,636436.7286188162,291.5580405945702,291.5533201681
2355,636436.2145599884,291.5580490729589,291.5533426744501
2360,636435.7069627923,291.5580574447759,291.553367785568
2365,636435.2058272153,291.5580657100214,291.5533955014537
2370,636434.7111532596,291.5580738686953,291.5534258221072
2375,636434.2229409185,291.5580819207975,291.5534587475285
2380,636433.7411901926,291.5580898663282,291.5534942777177
2385,636433.2659010807,291.5580977052873,291.5535324126747
2390,636432.7970735708,291.5581054376748,291.5535731523994
2395,636432.3347076689,291.5581130634907,291.553616496892
2400,636431.8788033624,291.5581205827351,291.5536624461524
2405,636431.4293606568,291.5581279954077,291.5537110001806
2410,636430.986379544,291.5581353015089,291.5537621589767
2415,636430.5498600232,291.5581425010384,291.5538159225405
2420,636430.1198020915,291.5581495939964,291.5538722908722
2425,636429.6962057463,291.5581565803827,291.5539312639717
2430,636429.279070981,291.5581634601975,291.5539928418389
2435,636428.8683977929,291.5581702334406,291.554057024474
2440,636428.4641861821,291.5581769001122,291.5541238118769
2445,636428.0664361495,291.5581834602122,291.5541932040477
2450,636427.6751476823,291.5581899137406,291.5542652009863
2455,636427.2903207872,291.5581962606974,291.5543398026926
2460,636426.911955456,291.5582025010826,291.5544170091668
2465,636426.5400516886,291.5582086348962,291.5544968204088
2470,636426.1746094761,291.5582146621382,291.5545792364186
2475,636425.8156288289,291.5582205828086,291.5546642571962
2480,636425.4631097351,291.5582263969075,291.5547518827416
2485,636425.1170521914,291.5582321044347,291.5548421130549
2490,636424.7774561968,291.5582377053904,291.554934948136
2495,636424.4443217537,291.5582431997744,291.5550303879849
2500,636424.1176488547,291.5582485875868,291.5551284326015
2505,636423.760767956,291.5582544736378,291.5552003718331
2510,636423.2559977993,291.5582627989067,291.5551540679727
2515,636422.7552815733,291.5582710573148,291.5551084838168
2520,636422.2586192776,291.5582792488623,291.5550636193655
2525,636421.7660109047,291.558287373549,291.5550194746186
2530,636421.277456458,291.558295431375,291.5549760495762
2535,636420.7929559333,291.5583034223403,291.5549333442383
2540,636420.312509327,291.5583113464448,291.5548913586049
2545,636419.8361166382,291.5583192036887,291.5548500926761
2550,636419.3637778676,291.5583269940718,291.5548095464517
2555,636418.8954930067,291.5583347175943,291.5547697199318
2560,636418.43126206,291.558342374256,291.5547306131165
2565,636417.971085022,291.558349964057,291.5546922260056
2570,636417.5149618912,291.5583574869972,291.5546545585992
2575,636417.0628926678,291.5583649430768,291.5546176108974
2580,636416.6148773478,291.5583723322956,291.5545813829
2585,636416.1709159255,291.5583796546537,291.5545458746072
2590,636415.7310084089,291.5583869101511,291.5545110860188
2595,636415.2951547892,291.5583940987878,291.554477017135
2600,636414.8633550616,291.5584012205638,291.5544436679556
2605,636414.4356092304,291.558408275479,291.5544110384808
2610,636414.0119172909,291.5584152635336,291.5543791287105
2615,636413.5922792413,291.5584221847274,291.5543479386446
2620,636413.1766950818,291.5584290390605,291.5543174682833
2625,636412.7651648063,291.5584358265328,291.5542877176264
2630,636412.357688417,291.5584425471445,291.5542586866741
2635,636411.9542659112,291.5584492008954,291.5542303754263
2640,636411.5548972887,291.5584557877857,291.554202783883
2645,636411.1595825416,291.5584623078152,291.5541759120442
2650,636410.7683216761,291.558468760984,291.5541497599098
2655,636410.3811146852,291.5584751472921,291.55412432748
2660,636409.997961565,291.5584814667395,291.5540996147547
2665,636409.6188623238,291.5584877193261,291.5540756217339
2670,636409.2438169523,291.558493905052,291.5540523484176
2675,636408.8728254506,291.5585000239172,291.5540297948058
2680,636408.5058878127,291.5585060759217,291.5540079608984
2685,636408.1430040434,291.5585120610655,291.5539868466956
2690,636407.7841741414,291.5585179793486,291.5539664521974
2695,636407.4293981023,291.5585238307709,291.5539467774036
2700,636407.0786759211,291.5585296153325,291.5539278223143
2705,636406.7320076051,291.5585353330334,291.5539095869295
2710,636406.3893931409,291.5585409838736,291.5538920712492
2715,636406.0508325392,291.5585465678531,291.5538752752734
2720,636405.71632579,291.5585520849719,291.5538591990021
2725,636405.3858729,291.5585575352299,291.5538438424353
2730,636405.0594738568,291.5585629186273,291.553829205573
2735,636404.7371286694,291.5585682351639,291.5538152884153
2740,636404.4188373291,291.5585734848398,291.553802090962
2745,636404.1045998387,291.558578667655,291.5537896132132
2750,636403.7944161955,291.5585837836094,291.553777855169
2755,636403.4882863977,291.5585888327032,291.5537668168292
2760,636403.1862104433,291.5585938149362,291.5537564981939
2765,636402.8881883346,291.5585987303085,291.5537468992632
2770,636402.5942200673,291.5586035788201,291.5537380200369
2775,636402.3043056369,291.5586083604709,291.5537298605151
2780,636402.0184450479,291.5586130752611,291.5537224206979
2785,636401.7366382997,291.5586177231905,291.5537157005851
2790,636401.4588853879,291.5586223042592,291.5537097001769
2795,636401.1851863107,291.5586268184672,291.5537044194731
2800,636400.9155410675,291.5586312658145,291.5536998584739
2805,636400.6499496538,291.5586356463011,291.5536960171791
2810,636400.3884120776,291.5586399599269,291.5536928955889
2815,636400.130928329,291.5586442066921,291.5536904937031
2820,636399.8774984154,291.5586483865965,291.5536888115219
2825,636399.6281223272,291.5586524996402,291.5536878490452
2830,636399.3828000658,291.5586565458232,291.5536876062729
2835,636399.1415316336,291.5586605251455,291.5536880832051
2840,636398.9043170235,291.558664437607,291.5536892798419
2845,636398.6711562396,291.5586682832079,291.5536911961832
2850,636398.4420492793,291.558672061948,291.553693832229
2855,636398.2169961432,291.5586757738274,291.5536971879793
2860,636397.9959968254,291.5586794188461,291.553701263434
2865,636397.7790513308,291.558682997004,291.5537060585933
2870,636397.5661596545,291.5586865083013,291.5537115734571
2875,636397.3573217966,291.5586899527378,291.5537178080254
2880,636397.1525377566,291.5586933303136,291.5537247622982
2885,636396.9518075353,291.5586966410287,291.5537324362755
2890,636396.7551311292,291.5586998848831,291.5537408299573
2895,636396.5625085376,291.5587030618768,291.5537499433436
2900,636396.3739397597,291.5587061720097,291.5537597764344
2905,636396.1894247945,291.558709215282,291.5537703292297
2910,636396.008963645,291.5587121916935,291.5537816017295
2915,636395.8325563069,291.5587151012443,291.5537935939338
2920,636395.6602027784,291.5587179439344,291.5538063058426
2925,636395.4919030603,291.5587207197638,291.5538197374559
2930,636395.3276571541,291.5587234287324,291.5538338887737
2935,636395.1674650561,291.5587260708403,291.553848759796
2940,636395.0113267658,291.5587286460875,291.5538643505229
2945,636394.8592422827,291.558731154474,291.5538806609542
2950,636394.7112116055,291.5587335959998,291.55389769109
2955,636394.567234737,291.5587359706649,291.5539154409303
2960,636394.4273116738,291.5587382784692,291.5539339104752
2965,636394.2914424116,291.5587405194128,291.5539530997245
2970,636394.1596269566,291.5587426934957,291.5539730086783
2975,636394.0318653077,291.5587448007179,291.5539936373366
2980,636393.9081574581,291.5587468410794,291.5540149856995
2985,636393.7885034174,291.5587488145802,291.5540370537668
2990,636393.6729031713,291.5587507212202,291.5540598415387
2995,636393.5613567329,291.5587525609996,291.554083349015
3000,636393.4538640922,291.5587543339182,291.5541075761959
3005,636393.3504252549,291.5587560399761,291.5541325230812
3010,636393.2510402135,291.5587576791733,291.5541581896711
3015,636393.1557089784,291.5587592515097,291.5541845759654
3020,636393.0644315383,291.5587607569855,291.5542116819643
3025,636392.9772078971,291.5587621956005,291.5542395076676
3030,636392.8940380566,291.5587635673548,291.5542680530755
3035,636392.814922014,291.5587648722484,291.5542973181879
3040,636392.7398597692,291.5587661102812,291.5543273030047
3045,636392.6688513207,291.5587672814534,291.5543580075261
3050,636392.6018966723,291.5587683857648,291.5543894317519
3055,636392.5389958206,291.5587694232156,291.5544215756823
3060,636392.4801487651,291.5587703938056,291.5544544393172
3065,636392.4253555057,291.5587712975349,291.5544880226566
3070,636392.3746160407,291.5587721344035,291.5545223257005
3075,636392.3279303752,291.5587729044113,291.5545573484488
3080,636392.2852985051,291.5587736075584,291.5545930909017
3085,636392.2467204299,291.5587742438449,291.5546295530591
3090,636392.2121961492,291.5587748132706,291.554666734921
3095,636392.1817256634,291.5587753158355,291.5547046364874
3100,636392.1553089754,291.5587757515398,291.5547432577583
3105,636392.1329460822,291.5587761203834,291.5547825987337
3110,636392.114636983,291.5587764223662,291.5548226594136
3115,636392.1003816783,291.5587766574884,291.554863439798
3120,636392.0901801672,291.5587768257498,291.5549049398869
3125,636392.0840324571,291.5587769271504,291.5549471596803
3130,636392.0819385381,291.5587769616904,291.5549900991782
3135,636392.0838984099,291.5587769293696,291.5550337583806
3140,636392.0899120824,291.5587768301882,291.5550781372875
3145,636392.0999795487,291.558776664146,291.555123235899
3150,636392.1141008063,291.5587764312431,291.5551690542148
3155,636392.1322758647,291.5587761314795,291.5552155922353
3160,636392.1545047138,291.5587757648552,291.5552628499602
3165,636392.1807873584,291.5587753313701,291.5553108273896
3170,636392.211123799,291.5587748310243,291.5553595245236
3175,636392.2455140331,291.5587742638178,291.555408941362
3180,636392.2839580642,291.5587736297506,291.5554590779049
3185,636392.3264558901,291.5587729288227,291.5555099341524
3190,636392.3730075146,291.5587721610341,291.5555615101043
3195,636392.4236129317,291.5587713263848,291.5556138057607
3200,636392.4782721503,291.5587704248747,291.5556668211217
3205,636392.5369851618,291.5587694565039,291.5557205561871
3210,636392.5997519698,291.5587684212724,291.5557750109571
3215,636392.6665725734,291.5587673191802,291.5558301854315
3220,636392.7374469779,291.5587661502273,291.5558860796104
3225,636392.8123751791,291.5587649144136,291.5559426934939
3230,636392.8913571768,291.5587636117392,291.5560000270819
3235,636392.9743929761,291.5587622422041,291.5560580803743
3240,636393.061482573,291.5587608058083,291.5561168533713
3245,636393.1526259653,291.5587593025518,291.5561763460728
3250,636393.2478231603,291.5587577324346,291.5562365584787
3255,636393.3470741536,291.5587560954566,291.5562974905892
3260,636393.4503789466,291.5587543916179,291.5563591424042
3265,636393.5577375435,291.5587526209185,291.5564215139236
3270,636393.6691499405,291.5587507833584,291.5564846051476
3275,636393.784616139,291.5587488789376,291.5565484160761
3280,636393.9041361383,291.5587469076561,291.5566129467091
3285,636394.0277099403,291.5587448695138,291.5566781970466
3290,636394.1553375479,291.5587427645108,291.5567441670885
3295,636394.0055384318,291.5587452352031,291.5567447702524
3300,636393.8271919602,291.5587481767369,291.5567384389514
3305,636393.6502869361,291.5587510944966,291.55673221402
3310,636393.4748233667,291.558753988482,291.5567260954583
3315,636393.3008012414,291.5587568586933,291.5567200832662
3320,636393.1282205727,291.5587597051303,291.5567141774437
3325,636392.9570813513,291.5587625277932,291.5567083779909
3330,636392.7873835791,291.558765326682,291.5567026849077
3335,636392.619127257,291.5587681017965,291.5566970981942
3340,636392.4523123808,291.5587708531368,291.5566916178503
3345,636392.2869389572,291.5587735807029,291.5566862438761
3350,636392.1230069787,291.5587762844949,291.5566809762715
3355,636391.9605164526,291.5587789645126,291.5566758150366
3360,636391.7994673683,291.5587816207562,291.5566707601713
3365,636391.6398597379,291.5587842532256,291.5566658116757
3370,636391.4816935521,291.5587868619207,291.5566609695497
3375,636391.3249688148,291.5587894468417,291.5566562337933
3380,636391.169685524,291.5587920079885,291.5566516044066
3385,636391.0158436772,291.5587945453611,291.5566470813895
3390,636390.8634432808,291.5587970589596,291.5566426647421
3395,636390.7124843275,291.5587995487838,291.5566383544643
3400,636390.5629668243,291.5588020148339,291.5566341505562
3405,636390.4148907631,291.5588044571097,291.5566300530177
3410,636390.2682561482,291.5588068756114,291.5566260618489
3415,636390.1230629823,291.5588092703389,291.5566221770497
3420,636389.9793112559,291.5588116412922,291.5566183986202
3425,636389.8370009772,291.5588139884713,291.5566147265603
3430,636389.6961321443,291.5588163118762,291.55661116087
3435,636389.5567047554,291.5588186115069,291.5566077015494
3440,636389.418718808,291.5588208873635,291.5566043485985
3445,636389.2821743054,291.5588231394458,291.5566011020171
3450,636389.1470712501,291.558825367754,291.5565979618054
3455,636389.0134096354,291.5588275722879,291.5565949279634
3460,636388.8811894644,291.5588297530477,291.556592000491
3465,636388.7504107368,291.5588319100333,291.5565891793883
3470,636388.6210734528,291.5588340432447,291.5565864646552
3475,636388.4931776121,291.5588361526819,291.5565838562918
3480,636388.3667232138,291.5588382383449,291.556581354298
3485,636388.2417102556,291.5588403002337,291.5565789586738
3490,636388.1181387424,291.5588423383484,291.5565766694193
3495,636387.9960086693,291.5588443526888,291.5565744865344
3500,636387.8753200377,291.5588463432551,291.5565724100192
3505,636387.7560728486,291.5588483100472,291.5565704398736
3510,636387.6382671009,291.558850253065,291.5565685760977
3515,636387.5219027949,291.5588521723088,291.5565668186914
3520,636387.40697993,291.5588540677783,291.5565651676548
3525,636387.2934985069,291.5588559394736,291.5565636229878
3530,636387.1814585214,291.5588577873947,291.5565621846904
3535,636387.0708599798,291.5588596115417,291.5565608527627
3540,636386.9617028763,291.5588614119144,291.5565596272046
3545,636386.8539872133,291.5588631885129,291.5565585080162
3550,636386.7477129935,291.5588649413373,291.5565574951975
3555,636386.642880211,291.5588666703875,291.5565565887483
3560,636386.5394888684,291.5588683756635,291.5565557886688
3565,636386.437538966,291.5588700571653,291.556555094959
3570,636386.337030503,291.5588717148929,291.5565545076188
3575,636386.2379634769,291.5588733488463,291.5565540266483
3580,636386.1403378933,291.5588749590256,291.5565536520474
3585,636386.0441537449,291.5588765454306,291.5565533838162
3590,636385.9494110369,291.5588781080614,291.5565532219546
3595,636385.8561097702,291.5588796469181,291.5565531664626
3600,636385.7642499398,291.5588811620006,291.5565532173403
3605,636386.0147644751,291.5588770301873,291.5566262416932
3610,636386.2535611724,291.5588730916365,291.5566929826919
3615,636386.4511251311,291.5588698331363,291.5567376145667
3620,636386.6486891005,291.5588665746361,291.5567822464414
3625,636386.8462530874,291.5588633161358,291.5568268783161
3630,636387.0438170878,291.5588600576356,291.5568715101908
3635,636387.2413811028,291.5588567991355,291.5569161420655
3640,636387.4389451315,291.5588535406353,291.5569607739403
3645,636387.6365091742,291.558850282135,291.557005405815
3650,636387.8340732309,291.5588470236348,291.5570500376897
3655,636388.0316373016,291.5588437651346,291.5570946695644
3660,636388.2292013888,291.5588405066345,291.5571393014391
3665,636388.4267654838,291.5588372481342,291.5571839333139
3670,636388.6243295965,291.558833989634,291.5572285651886
3675,636388.8218937232,291.5588307311338,291.5572731970633
3680,636389.0194578635,291.5588274726336,291.557317828938
3685,636389.2170220182,291.5588242141334,291.5573624608127
3690,636389.4145861865,291.5588209556332,291.5574070926875
3695,636389.612150369,291.558817697133,291.5574517245622
3700,636389.746945594,291.558815473904,291.557479381036
3705,636389.8005017727,291.5588145905799,291.5574850670125
3710,636389.8540579551,291.5588137072558,291.557490752989
3715,636389.9076141324,291.5588128239316,291.5574964389655
3720,636389.9611703139,291.5588119406075,291.5575021249421
3725,636390.0147264996,291.5588110572834,291.5575078109186
3730,636390.0682826798,291.5588101739592,291.5575134968951
3735,636390.1218388646,291.5588092906351,291.5575191828717
3740,636390.1753950531,291.558808407311,291.5575248688482
3745,636390.2289512366,291.5588075239868,291.5575305548247
3750,636390.2825074272,291.5588066406627,291.5575362408012
3755,636390.3360636162,291.5588057573386,291.5575419267777
3760,636390.3896198026,291.5588048740145,291.5575476127543
3765,636390.443175996,291.5588039906904,291.5575532987308
3770,636390.4967321882,291.5588031073663,291.5575589847073
3775,636390.5502883779,291.5588022240421,291.5575646706839
3780,636390.6038445745,291.558801340718,291.5575703566603
3785,636390.6574007695,291.5588004573939,291.5575760426369
3790,636390.7109569621,291.5587995740697,291.5575817286134
3795,636390.7645131618,291.5587986907456,291.5575874145899
3800,636390.8180693602,291.5587978074215,291.5575931005665
3805,636390.8716255595,291.5587969240974,291.557598786543
3810,636390.9251817588,291.5587960407732,291.5576044725195
3815,636390.9787379599,291.5587951574491,291.5576101584961
3820,636391.0322941622,291.558794274125,291.5576158444725
3825,636391.0858503648,291.5587933908009,291.5576215304491
3830,636391.1394065691,291.5587925074768,291.5576272164256
3835,636391.1929627775,291.5587916241526,291.5576329024021
3840,636391.24651898,291.5587907408285,291.5576385883787
3845,636391.3000751876,291.5587898575044,291.5576442743552
3850,636391.3536313988,291.5587889741802,291.5576499603317
3855,636391.4071876048,291.5587880908561,291.5576556463083
3860,636391.4607438153,291.558787207532,291.5576613322847
3865,636391.5143000295,291.5587863242079,291.5576670182613
3870,636391.5678562386,291.5587854408838,291.5576727042378
3875,636391.6214124521,291.5587845575596,291.5576783902143
3880,636391.6749686694,291.5587836742355,291.5576840761909
3885,636391.7285248815,291.5587827909114,291.5576897621674
3890,636391.7820811006,291.5587819075873,291.5576954481439
3895,636391.8356373183,291.5587810242631,291.5577011341204
3900,636391.8891935338,291.558780140939,291.5577068200969
3905,636391.942749756,291.5587792576149,291.5577125060735
3910,636391.9963059766,291.5587783742907,291.55771819205
3915,636392.049862195,291.5587774909666,291.5577238780265
3920,636392.1034184205,291.5587766076425,291.5577295640031
3925,636392.1569746444,291.5587757243184,291.5577352499796
3930,636392.2105308692,291.5587748409943,291.5577409359561
3935,636392.2640870943,291.5587739576702,291.5577466219326
3940,636392.3176433214,291.558773074346,291.5577523079091
3945,636392.3711995523,291.5587721910219,291.5577579938857
3950,636392.4247557777,291.5587713076978,291.5577636798622
3955,636392.4783120076,291.5587704243736,291.5577693658387
3960,636392.5318682385,291.5587695410495,291.5577750518153
3965,636392.58542447,291.5587686577254,291.5577807377918
3970,636392.638980703,291.5587677744013,291.5577864237683
3975,636392.6925369398,291.5587668910771,291.5577921097448
3980,636392.7460931713,291.558766007753,291.5577977957213
3985,636392.7996494076,291.5587651244289,291.5578034816979
3990,636392.8532056476,291.5587642411048,291.5578091676744
3995,636392.9067618822,291.5587633577807,291.5578148536509
4000,636392.9603181215,291.5587624744566,291.5578205396275
4005,636393.0138743646,291.5587615911324,291.557826225604
4010,636393.067430602,291.5587607078083,291.5578319115805
4015,636393.1209868445,291.5587598244842,291.557837597557
4020,636393.1745430905,291.55875894116,291.5578432835335
4025,636393.2280993317,291.5587580578359,291.5578489695101
4030,636393.2816555768,291.5587571745118,291.5578546554866
4035,636393.335211826,291.5587562911876,291.5578603414631
4040,636393.38876807,291.5587554078635,291.5578660274397
4045,636393.4423243214,291.5587545245394,291.5578717134162
4050,636393.495880571,291.5587536412153,291.5578773993927
4055,636393.5494368178,291.5587527578912,291.5578830853692
4060,636393.6029930721,291.5587518745671,291.5578887713457
4065,636393.6565493247,291.5587509912429,291.5578944573223
4070,636393.710105575,291.5587501079188,291.5579001432988
4075,636393.7636618323,291.5587492245946,291.5579058292753
4080,636393.817218088,291.5587483412705,291.5579115152519
4085,636393.8707743448,291.5587474579464,291.5579172012283
4090,636393.9243306016,291.5587465746223,291.5579228872049
4095,636393.9778868603,291.5587456912982,291.5579285731814
4100,636394.03144312,291.5587448079741,291.5579342591579
4105,636394.0849993799,291.5587439246499,291.5579399451345
4110,636394.138555642,291.5587430413258,291.557945631111
4115,636394.1921119075,291.5587421580017,291.5579513170875
4120,636394.2456681679,291.5587412746776,291.5579570030641
4125,636394.299224433,291.5587403913534,291.5579626890406
4130,636394.3527807015,291.5587395080293,291.5579683750171
4135,636394.406336965,291.5587386247052,291.5579740609936
4140,636394.459893233,291.558737741381,291.5579797469701
4145,636394.5134495047,291.5587368580569,291.5579854329467
4150,636394.5670057713,291.5587359747328,291.5579911189232
4155,636394.6205620422,291.5587350914087,291.5579968048997
4160,636394.6741183173,291.5587342080846,291.5580024908763
4165,636394.727674587,291.5587333247605,291.5580081768528
4170,636394.781230861,291.5587324414363,291.5580138628293
4175,636394.8347871389,291.5587315581122,291.5580195488058
4180,636394.8883434117,291.5587306747881,291.5580252347823
4185,636394.9418996914,291.5587297914639,291.5580309207589
4190,636394.9954559698,291.5587289081398,291.5580366067354
4195,636395.0490122457,291.5587280248157,291.5580422927119
4200,636395.1025685286,291.5587271414915,291.5580479786884
4205,636395.1561248102,291.5587262581674,291.558053664665
4210,636395.2096810892,291.5587253748433,291.5580593506415
4215,636395.263237375,291.5587244915192,291.558065036618
4220,636395.3167936594,291.5587236081951,291.5580707225946
4225,636395.3703499449,291.558722724871,291.5580764085711
4230,636395.4239062307,291.5587218415468,291.5580820945476
4235,636395.4774625185,291.5587209582227,291.5580877805241
4240,636395.5310188066,291.5587200748986,291.5580934665006
4245,636395.5845750954,291.5587191915744,291.5580991524772
4250,636395.6381313861,291.5587183082503,291.5581048384537
4255,636395.6916876778,291.5587174249262,291.5581105244302
4260,636395.7452439698,291.5587165416021,291.5581162104068
4265,636395.7988002632,291.5587156582779,291.5581218963833
4270,636395.8523565582,291.5587147749538,291.5581275823598
4275,636395.9059128532,291.5587138916297,291.5581332683363
4280,636395.9594691499,291.5587130083056,291.5581389543128
4285,636396.0130254504,291.5587121249815,291.5581446402894
4290,636396.0665817454,291.5587112416573,291.5581503262659
4295,636396.1201380455,291.5587103583332,291.5581560122424
4300,636396.173694349,291.5587094750091,291.558161698219
4305,636396.2272506475,291.5587085916849,291.5581673841955
4310,636396.2808069504,291.5587077083608,291.558173070172
4315,636396.3343632568,291.5587068250367,291.5581787561485
4320,636396.3879195586,291.5587059417126,291.558184442125
4325,636396.4414758645,291.5587050583885,291.5581901281016
4330,636396.4950321743,291.5587041750643,291.5581958140781
4335,636396.5485884791,291.5587032917402,291.5582015000546
4340,636396.6021447906,291.5587024084161,291.5582071860312
4345,636396.6557011006,291.558701525092,291.5582128720077
4350,636396.7092574084,291.5587006417678,291.5582185579842
4355,636396.7628137207,291.5586997584437,291.5582242439607
4360,636396.8163700365,291.5586988751196,291.5582299299372
4365,636396.8699263472,291.5586979917954,291.5582356159138
4370,636396.9234826653,291.5586971084713,291.5582413018903
4375,636396.9770389816,291.5586962251472,291.5582469878668
4380,636397.0305952984,291.5586953418231,291.5582526738434
4385,636397.0841516161,291.558694458499,291.5582583598199
4390,636397.1377079358,291.5586935751749,291.5582640457964
4395,636397.191264256,291.5586926918507,291.5582697317729
4400,636397.2448205769,291.5586918085266,291.5582754177494
4405,636397.298376899,291.5586909252025,291.558281103726
4410,636397.3519332226,291.5586900418783,291.5582867897025
4415,636397.4054895462,291.5586891585542,291.558292475679
4420,636397.4590458721,291.5586882752301,291.5582981616556
4425,636397.5126022012,291.5586873919059,291.5583038476321
4430,636397.5661585249,291.5586865085818,291.5583095336086
4435,636397.6197148537,291.5586856252577,291.5583152195851
4440,636397.673271186,291.5586847419336,291.5583209055616
4445,636397.7268275134,291.5586838586095,291.5583265915382
4450,636397.7803838452,291.5586829752854,291.5583322775147
4455,636397.8339401805,291.5586820919612,291.5583379634912
4460,636397.8874965106,291.5586812086371,291.5583436494678
4465,636397.9410528453,291.558680325313,291.5583493354443
4470,636397.994609184,291.5586794419888,291.5583550214208
4475,636398.0481655173,291.5586785586647,291.5583607073973
4480,636398.1017218578,291.5586776753406,291.5583663933738
4485,636398.1552781968,291.5586767920165,291.5583720793504
4490,636398.2088345331,291.5586759086924,291.5583777653269
4495,636398.2623908741,291.5586750253682,291.5583834513034
4500,636398.3159472187,291.5586741420441,291.55838913728
4505,636398.3695035616,291.55867325872,291.5583948232565
4510,636398.4230599049,291.5586723753959,291.558400509233
4515,636398.4766162499,291.5586714920718,291.5584061952095
4520,636398.5301725962,291.5586706087476,291.558411881186
4525,636398.5837289424,291.5586697254235,291.5584175671626
4530,636398.6372852904,291.5586688420994,291.5584232531391
4535,636398.6908416396,291.5586679587752,291.5584289391156
4540,636398.744397989,291.5586670754511,291.5584346250922
4545,636398.7979543403,291.558666192127,291.5584403110686
4550,636398.8515106924,291.5586653088029,291.5584459970452
4555,636398.9050670449,291.5586644254788,291.5584516830217
4560,636398.9586233991,291.5586635421546,291.5584573689982
4565,636399.0121797572,291.5586626588305,291.5584630549748
4570,636399.0657361101,291.5586617755064,291.5584687409513
4575,636399.1192924671,291.5586608921823,291.5584744269278
4580,636399.1728488286,291.5586600088581,291.5584801129044
4585,636399.2264051845,291.558659125534,291.5584857988808
4590,636399.2531951563,291.5586586836775,291.5584883386141
4595,636399.2607432206,291.5586585591846,291.5584886165663
4600,636399.2682912815,291.5586584346916,291.5584888945185
4605,636399.2758393458,291.5586583101987,291.5584891724707
4610,636399.28338741,291.5586581857057,291.5584894504229
4615,636399.2909354742,291.5586580612128,291.558489728375
4620,636399.2984835387,291.5586579367198,291.5584900063272
4625,636399.3060316031,291.5586578122269,291.5584902842795
4630,636399.3135796641,291.558657687734,291.5584905622316
4635,636399.3211277286,291.558657563241,291.5584908401838
4640,636399.3286757957,291.5586574387481,291.558491118136
4645,636399.33622386,291.5586573142551,291.5584913960882
4650,636399.3437719246,291.5586571897622,291.5584916740404
4655,636399.3513199891,291.5586570652692,291.5584919519926
4660,636399.3588680503,291.5586569407763,291.5584922299448
4665,636399.3664161147,291.5586568162834,291.5584925078969
4670,636399.3739641792,291.5586566917904,291.5584927858491
4675,636399.3815122438,291.5586565672975,291.5584930638013
4680,636399.3890603083,291.5586564428045,291.5584933417535
4685,636399.3966083697,291.5586563183116,291.5584936197057
4690,636399.4041564368,291.5586561938186,291.5584938976579
4695,636399.4117045015,291.5586560693257,291.5584941756101
4700,636399.4192525662,291.5586559448328,291.5584944535622
4705,636399.4268006306,291.5586558203398,291.5584947315144
4710,636399.4343486954,291.5586556958469,291.5584950094666
4715,636399.4418967568,291.5586555713539,291.5584952874188
4720,636399.4494448216,291.558655446861,291.558495565371
4725,636399.4569928863,291.5586553223681,291.5584958433232
4730,636399.4645409511,291.5586551978751,291.5584961212754
4735,636399.4720890159,291.5586550733822,291.5584963992276
4740,636399.479637081,291.5586549488892,291.5584966771797
4745,636399.4871851449,291.5586548243963,291.5584969551319
4750,636399.4947332097,291.5586546999033,291.5584972330841
4755,636399.5022812746,291.5586545754104,291.5584975110363
4760,636399.5098293397,291.5586544509175,291.5584977889885
4765,636399.5173774045,291.5586543264245,291.5584980669407
4770,636399.524925466,291.5586542019316,291.5584983448929
4775,636399.5324735312,291.5586540774386,291.558498622845
4780,636399.5400215961,291.5586539529457,291.5584989007972
4785,636399.5475696612,291.5586538284527,291.5584991787495
4790,636399.555117726,291.5586537039598,291.5584994567016
4795,636399.562665794,291.5586535794669,291.5584997346538
4800,636399.5702138555,291.5586534549739,291.558500012606
4805,636399.5777619206,291.558653330481,291.5585002905582
4810,636399.5853099857,291.558653205988,291.5585005685104
4815,636399.5928580509,291.5586530814951,291.5585008464626
4820,636399.6004061159,291.5586529570022,291.5585011244148
4825,636399.6079541813,291.5586528325092,291.5585014023669
4830,636399.6155022428,291.5586527080163,291.5585016803191
4835,636399.6230503081,291.5586525835233,291.5585019582713
4840,636399.6305983732,291.5586524590304,291.5585022362235
4845,636399.6381464385,291.5586523345374,291.5585025141757
4850,636399.645694504,291.5586522100445,291.5585027921279
4855,636399.6532425687,291.5586520855516,291.5585030700801
4860,636399.6607906338,291.5586519610586,291.5585033480323
4865,636399.6683386993,291.5586518365657,291.5585036259844
4870,636399.6758867647,291.5586517120727,291.5585039039366
4875,636399.6834348299,291.5586515875798,291.5585041818888
4880,636399.6909828919,291.5586514630868,291.558504459841
4885,636399.6985309575,291.5586513385939,291.5585047377932
4890,636399.7060790228,291.558651214101,291.5585050157454
4895,636399.7136270881,291.558651089608,291.5585052936976
4900,636399.7211751539,291.5586509651151,291.5585055716497
4905,636399.7287232219,291.5586508406221,291.5585058496019
4910,636399.7362712843,291.5586507161292,291.5585061275541
4915,636399.7438193498,291.5586505916363,291.5585064055063
4920,636399.7513674153,291.5586504671433,291.5585066834585
4925,636399.7589154809,291.5586503426504,291.5585069614107
4930,636399.7664635464,291.5586502181574,291.5585072393629
4935,636399.7740116122,291.5586500936645,291.558507517315
4940,636399.7815596744,291.5586499691716,291.5585077952672
4945,636399.78910774,291.5586498446787,291.5585080732195
4950,636399.7966558058,291.5586497201857,291.5585083511716
4955,636399.8042038713,291.5586495956927,291.5585086291238
4960,636399.8117519396,291.5586494711998,291.558508907076
4965,636399.8193000057,291.5586493467068,291.5585091850282
4970,636399.8268480677,291.5586492222139,291.5585094629804
4975,636399.8343961337,291.558649097721,291.5585097409325
4980,636399.8419441993,291.5586489732281,291.5585100188848
4985,636399.8494922654,291.5586488487351,291.5585102968369
4990,636399.857040331,291.5586487242422,291.5585105747891
4995,636399.8645883936,291.5586485997492,291.5585108527413
5000,636399.8721364595,291.5586484752563,291.5585111306935
5005,636399.8796845253,291.5586483507633,291.5585114086457
5010,636399.887232594,291.5586482262704,291.5585116865979
5015,636399.89478066,291.5586481017775,291.5585119645501
5020,636399.9023287261,291.5586479772845,291.5585122425023
5025,636399.9098767887,291.5586478527916,291.5585125204544
5030,636399.9174248546,291.5586477282986,291.5585127984066
5035,636399.9249729206,291.5586476038057,291.5585130763588
5040,636399.9325209867,291.5586474793128,291.558513354311
5045,636399.9400690526,291.5586473548198,291.5585136322632
5050,636399.9476171153,291.5586472303269,291.5585139102154
5055,636399.9551651814,291.5586471058339,291.5585141881676
5060,636399.9627132476,291.558646981341,291.5585144661197
5065,636399.9702613137,291.558646856848,291.5585147440719
5070,636399.9778093824,291.5586467323551,291.5585150220241
5075,636399.985357449,291.5586466078622,291.5585152999763
5080,636399.9929055115,291.5586464833692,291.5585155779285
5085,636400.0004535778,291.5586463588763,291.5585158558807
5090,636400.008001644,291.5586462343833,291.5585161338329
5095,636400.0155497103,291.5586461098904,291.558516411785
5100,636400.0230977766,291.5586459853974,291.5585166897372
5105,636400.030645843,291.5586458609045,291.5585169676895
5110,636400.0381939057,291.5586457364116,291.5585172456416
5115,636400.0457419723,291.5586456119186,291.5585175235938
5120,636400.0532900413,291.5586454874257,291.558517801546
5125,636400.0608381078,291.5586453629327,291.5585180794982
5130,636400.068386174,291.5586452384398,291.5585183574504
5135,636400.0759342372,291.5586451139469,291.5585186354025
5140,636400.0834823037,291.5586449894539,291.5585189133548
5145,636400.0910303703,291.558644864961,291.5585191913069
5150,636400.0985784368,291.558644740468,291.5585194692591
5155,636400.1061265031,291.5586446159751,291.5585197472113
5160,636400.1136745699,291.5586444914821,291.5585200251635
5165,636400.1212226327,291.5586443669892,291.5585203031157
5170,636400.1287706995,291.5586442424963,291.5585205810679
5175,636400.1363187686,291.5586441180033,291.5585208590201
5180,636400.1438668353,291.5586439935104,291.5585211369723
5185,636400.1514149018,291.5586438690174,291.5585214149244
5190,636400.1589629687,291.5586437445245,291.5585216928766
5195,636400.1665110318,291.5586436200315,291.5585219708288
5200,636400.1740590986,291.5586434955386,291.558522248781
5205,636400.1816071653,291.5586433710457,291.5585225267332
5210,636400.1891552319,291.5586432465527,291.5585228046854
5215,636400.1967032988,291.5586431220598,291.5585230826376
5220,636400.2042513622,291.5586429975668,291.5585233605897
5225,636400.2117994318,291.5586428730739,291.5585236385419
5230,636400.2193474987,291.558642748581,291.5585239164941
5235,636400.2268955654,291.558642624088,291.5585241944463
5240,636400.2344436322,291.5586424995951,291.5585244723985
5245,636400.2419916959,291.5586423751021,291.5585247503507
5250,636400.2495397629,291.5586422506092,291.5585250283029
5255,636400.2570878295,291.5586421261162,291.558525306255
5260,636400.2646358964,291.5586420016233,291.5585255842072
5265,636400.2721839637,291.5586418771304,291.5585258621595
5270,636400.2797320304,291.5586417526374,291.5585261401116
5275,636400.2872800977,291.5586416281445,291.5585264180638
5280,636400.2948281611,291.5586415036515,291.558526696016
5285,636400.3023762311,291.5586413791586,291.5585269739682
5290,636400.3099242981,291.5586412546656,291.5585272519204
5295,636400.3174723653,291.5586411301727,291.5585275298725
5300,636400.3250204322,291.5586410056798,291.5585278078248
5305,636400.3325684962,291.5586408811869,291.5585280857769
5310,636400.3401165633,291.5586407566939,291.5585283637291
5315,636400.3476646304,291.5586406322009,291.5585286416813
5320,636400.3552126974,291.558640507708,291.5585289196335
5325,636400.3627607648,291.5586403832151,291.5585291975857
5330,636400.3703088287,291.5586402587221,291.5585294755379
5335,636400.3778568987,291.5586401342292,291.5585297534901
5340,636400.3854049658,291.5586400097362,291.5585300314423
5345,636400.3929530332,291.5586398852433,291.5585303093944
5350,636400.4005011005,291.5586397607503,291.5585305873466
5355,636400.4080491678,291.5586396362575,291.5585308652988
5360,636400.4155972319,291.5586395117645,291.558531143251
5365,636400.4231452994,291.5586393872716,291.5585314212032
5370,636400.4306933666,291.5586392627786,291.5585316991554
5375,636400.4382414341,291.5586391382857,291.5585319771076
5380,636400.4457895015,291.5586390137927,291.5585322550597
5385,636400.4533375691,291.5586388892998,291.5585325330119
5390,636400.4608856357,291.5586387648069,291.5585328109641
5395,636400.4684337032,291.5586386403139,291.5585330889163
5400,636400.4759817707,291.558638515821,291.5585333668685
5405,636400.483529838,291.558638391328,291.5585336448207
5410,636400.4910779056,291.5586382668351,291.5585339227729
5415,636400.49862597,291.5586381423421,291.558534200725
5420,636400.5061740376,291.5586380178492,291.5585344786772
5425,636400.5137221051,291.5586378933563,291.5585347566295
5430,636400.5212701727,291.5586377688633,291.5585350345816
5435,636400.5288182405,291.5586376443704,291.5585353125338
5440,636400.5363663108,291.5586375198774,291.558535590486
5445,636400.5439143752,291.5586373953845,291.5585358684382
5450,636400.5514624431,291.5586372708916,291.5585361463904
5455,636400.5590105107,291.5586371463986,291.5585364243425
5460,636400.5665585784,291.5586370219057,291.5585367022948
5465,636400.5741066461,291.5586368974127,291.5585369802469
5470,636400.5816547141,291.5586367729198,291.5585372581991
5475,636400.5892027785,291.5586366484268,291.5585375361513
5480,636400.5967508464,291.5586365239339,291.5585378141035
5485,636400.6042989142,291.558636399441,291.5585380920557
5490,636400.6118469819,291.558636274948,291.5585383700079
5495,636400.61939505,291.5586361504551,291.5585386479601
5500,636400.6269431172,291.5586360259621,291.5585389259123
5505,636400.6344911851,291.5586359014692,291.5585392038644
5510,636400.642039253,291.5586357769762,291.5585394818166
5515,636400.649587321,291.5586356524833,291.5585397597688
5520,636400.657135389,291.5586355279904,291.558540037721
5525,636400.6646834569,291.5586354034974,291.5585403156732
5530,636400.6722315217,291.5586352790045,291.5585405936254
5535,636400.6797795898,291.5586351545115,291.5585408715776
5540,636400.6873276578,291.5586350300186,291.5585411495297
5545,636400.6948757287,291.5586349055257,291.5585414274819
5550,636400.702423797,291.5586347810327,291.5585417054341
5555,636400.7099718653,291.5586346565398,291.5585419833863
5560,636400.71751993,291.5586345320468,291.5585422613385
5565,636400.725067998,291.5586344075539,291.5585425392907
5570,636400.7326160662,291.5586342830609,291.5585428172429
5575,636400.7401641344,291.558634158568,291.558543095195
5580,636400.7477122025,291.5586340340751,291.5585433731472
5585,636400.7552602676,291.5586339095821,291.5585436510995
5590,636400.7628083359,291.5586337850892,291.5585439290516
5595,636400.7703564042,291.5586336605962,291.5585442070038
5600,636400.7779044725,291.5586335361033,291.558544484956
5605,636400.7854525434,291.5586334116103,291.5585447629082
5610,636400.7930006121,291.5586332871174,291.5585450408604
5615,636400.8005486771,291.5586331626245,291.5585453188125
5620,636400.8080967454,291.5586330381315,291.5585455967648
5625,636400.8156448138,291.5586329136386,291.5585458747169
5630,636400.8231928821,291.5586327891456,291.5585461526691
5635,636400.8307409507,291.5586326646527,291.5585464306213
5640,636400.8382890193,291.5586325401597,291.5585467085735
5645,636400.8458370845,291.5586324156668,291.5585469865257
5650,636400.8533851528,291.5586322911739,291.5585472644779
5655,636400.8609332241,291.5586321666809,291.5585475424301
5660,636400.8684812927,291.558632042188,291.5585478203823
5665,636400.8760293613,291.558631917695,291.5585480983344
5670,636400.8835774265,291.5586317932021,291.5585483762866
5675,636400.8911254953,291.5586316687092,291.5585486542388
5680,636400.898673564,291.5586315442162,291.558548932191
5685,636400.9062216326,291.5586314197233,291.5585492101432
5690,636400.9137697013,291.5586312952303,291.5585494880954
5695,636400.9213177668,291.5586311707374,291.5585497660476
5700,636400.9288658354,291.5586310462444,291.5585500439997
5705,636400.9364139043,291.5586309217515,291.5585503219519
5710,636400.9439619756,291.5586307972586,291.5585505999042
5715,636400.9515100444,291.5586306727656,291.5585508778563
5720,636400.959058113,291.5586305482727,291.5585511558085
5725,636400.9666061822,291.5586304237797,291.5585514337607
5730,636400.9741542474,291.5586302992868,291.5585517117129
5735,636400.9817023164,291.5586301747939,291.558551989665
5740,636400.9892503852,291.558630050301,291.5585522676172
5745,636400.9967984541,291.558629925808,291.5585525455695
5750,636401.0043465231,291.5586298013151,291.5585528235216
5755,636401.0118945887,291.5586296768221,291.5585531014738
5760,636401.0194426577,291.5586295523292,291.558553379426
5765,636401.0269907296,291.5586294278363,291.5585536573782
5770,636401.0345387987,291.5586293033433,291.5585539353304
5775,636401.0420868676,291.5586291788504,291.5585542132825
5780,636401.0496349336,291.5586290543574,291.5585544912348
5785,636401.0571830024,291.5586289298645,291.5585547691869
5790,636401.0647310715,291.5586288053715,291.5585550471391
5795,636401.0722791407,291.5586286808786,291.5585553250913
5800,636401.0798272098,291.5586285563857,291.5585556030435
5805,636401.0873752789,291.5586284318927,291.5585558809957
5810,636401.0949233448,291.5586283073998,291.5585561589479
5815,636401.1024714141,291.5586281829068,291.5585564369001
5820,636401.1100194833,291.5586280584139,291.5585567148523
5825,636401.1175675552,291.5586279339209,291.5585569928044
5830,636401.1251156245,291.558627809428,291.5585572707566
5835,636401.132663694,291.5586276849351,291.5585575487088
5840,636401.1402117596,291.5586275604421,291.558557826661
5845,636401.1477598288,291.5586274359492,291.5585581046132
5850,636401.1553078983,291.5586273114562,291.5585583825654
5855,636401.1628559676,291.5586271869633,291.5585586605176
5860,636401.1704040371,291.5586270624704,291.5585589384697
5865,636401.1779521032,291.5586269379774,291.5585592164219
5870,636401.1855001753,291.5586268134845,291.5585594943742
5875,636401.1930482449,291.5586266889915,291.5585597723263
5880,636401.2005963142,291.5586265644986,291.5585600502785
5885,636401.2081443837,291.5586264400056,291.5585603282307
5890,636401.2156924532,291.5586263155127,291.5585606061829
5895,636401.2232405194,291.5586261910198,291.558560884135
5900,636401.2307885889,291.5586260665268,291.5585611620872
5905,636401.2383366586,291.5586259420339,291.5585614400395
5910,636401.2458847283,291.5586258175409,291.5585617179916
5915,636401.2534327977,291.558625693048,291.5585619959438
5920,636401.2609808678,291.558625568555,291.558562273896
5925,636401.2685289336,291.5586254440621,291.5585625518482
5930,636401.2760770059,291.5586253195692,291.5585628298004
5935,636401.2836250757,291.5586251950762,291.5585631077525
5940,636401.2911731454,291.5586250705833,291.5585633857048
5945,636401.298721215,291.5586249460903,291.5585636636569
5950,636401.3062692815,291.5586248215974,291.5585639416091
5955,636401.3138173514,291.5586246971044,291.5585642195613
5960,636401.3213654212,291.5586245726115,291.5585644975135
5965,636401.3289134909,291.5586244481186,291.5585647754657
5970,636401.3364615607,291.5586243236256,291.5585650534179
5975,636401.3440096334,291.5586241991327,291.5585653313701
5980,636401.3515577,291.5586240746397,291.5585656093223
5985,636401.3591057699,291.5586239501468,291.5585658872744
5990,636401.3666538397,291.5586238256539,291.5585661652266
5995,636401.3742019096,291.5586237011609,291.5585664431788
6000,636401.3817499797,291.558623576668,291.558566721131
6005,636401.3892980497,291.558623452175,291.5585669990832
6010,636401.3968461162,291.5586233276821,291.5585672770354
6015,636401.4043941862,291.5586232031891,291.5585675549876
6020,636401.4119422563,291.5586230786962,291.5585678329397
6025,636401.4194903262,291.5586229542033,291.5585681108919
6030,636401.4270383964,291.5586228297103,291.5585683888442
6035,636401.4345864659,291.5586227052174,291.5585686667963
6040,636401.4421345361,291.5586225807244,291.5585689447485
6045,636401.4496826063,291.5586224562315,291.5585692227007
6050,636401.4572306763,291.5586223317385,291.5585695006529
6055,636401.4647787466,291.5586222072456,291.558569778605
6060,636401.472326817,291.5586220827527,291.5585700565572
6065,636401.4798748838,291.5586219582597,291.5585703345095
6070,636401.4874229539,291.5586218337668,291.5585706124616
6075,636401.4949710242,291.5586217092738,291.5585708904138
6080,636401.5025190945,291.5586215847809,291.558571168366
6085,636401.5100671647,291.558621460288,291.5585714463182
6090,636401.517615238,291.558621335795,291.5585717242704
6095,636401.5251633048,291.5586212113021,291.5585720022225
6100,636401.5327113752,291.5586210868091,291.5585722801748
6105,636401.5402594454,291.5586209623162,291.5585725581269
6110,636401.5478075157,291.5586208378232,291.5585728360791
6115,636401.5553555863,291.5586207133304,291.5585731140313
6120,636401.5629036535,291.5586205888374,291.5585733919835
6125,636401.5704517239,291.5586204643445,291.5585736699357
6130,636401.5779997943,291.5586203398515,291.5585739478879
6135,636401.5855478649,291.5586202153586,291.5585742258401
6140,636401.5930959381,291.5586200908656,291.5585745037923
6145,636401.6006440055,291.5586199663727,291.5585747817444
6150,636401.6081920759,291.5586198418798,291.5585750596966
6155,636401.6157401466,291.5586197173868,291.5585753376488
6160,636401.6232882171,291.5586195928939,291.558575615601
6165,636401.6308362877,291.5586194684009,291.5585758935532
6170,636401.6383843583,291.558619343908,291.5585761715054
6175,636401.6459324292,291.558619219415,291.5585764494576
6180,636401.6534804965,291.5586190949221,291.5585767274097
6185,636401.661028567,291.5586189704292,291.5585770053619
6190,636401.6685766405,291.5586188459362,291.5585772833142
6195,636401.6761247113,291.5586187214433,291.5585775612663
6200,636401.6836727819,291.5586185969503,291.5585778392185
6205,636401.6912208495,291.5586184724574,291.5585781171707
6210,636401.6987689204,291.5586183479645,291.5585783951229
6215,636401.7063169911,291.5586182234715,291.5585786730751
6220,636401.7138650621,291.5586180989786,291.5585789510272
6225,636401.7214131329,291.5586179744856,291.5585792289795
6230,636401.7289612039,291.5586178499927,291.5585795069316
6235,636401.7365092714,291.5586177254997,291.5585797848838
6240,636401.7440573422,291.5586176010068,291.558580062836
6245,636401.7516054132,291.5586174765139,291.5585803407882
6250,636401.7591534841,291.5586173520209,291.5585806187404
6255,636401.7667015579,291.558617227528,291.5585808966925
6260,636401.7742496257,291.558617103035,291.5585811746448
6265,636401.7817976966,291.5586169785421,291.5585814525969
6270,636401.7893457678,291.5586168540491,291.5585817305491
6275,636401.7968938388,291.5586167295562,291.5585820085013
6280,636401.80444191,291.5586166050633,291.5585822864535
6285,636401.8119899813,291.5586164805703,291.5585825644057
6290,636401.8195380489,291.5586163560774,291.5585828423579
6295,636401.82708612,291.5586162315844,291.5585831203101
6300,636401.8346341939,291.5586161070915,291.5585833982623
6305,636401.842182265,291.5586159825986,291.5585836762144
6310,636401.8497303362,291.5586158581056,291.5585839541666
6315,636401.8572784042,291.5586157336127,291.5585842321188
6320,636401.8648264756,291.5586156091197,291.558584510071
6325,636401.8723745466,291.5586154846268,291.5585847880232
6330,636401.879922618,291.5586153601338,291.5585850659754
6335,636401.8874706894,291.5586152356409,291.5585853439276
6340,636401.8950187607,291.558615111148,291.5585856218797
6345,636401.9025668288,291.558614986655,291.5585858998319
6350,636401.9101149001,291.5586148621621,291.5585861777842
6355,636401.9176629715,291.5586147376691,291.5585864557363
6360,636401.9252110458,291.5586146131762,291.5585867336885
6365,636401.9327591171,291.5586144886832,291.5585870116407
6370,636401.9403071887,291.5586143641903,291.5585872895929
6375,636401.9478552567,291.5586142396974,291.5585875675451
6380,636401.9554033282,291.5586141152044,291.5585878454972
6385,636401.9629513999,291.5586139907115,291.5585881234495
6390,636401.9704994714,291.5586138662185,291.5585884014016
6395,636401.9780475429,291.5586137417256,291.5585886793538
6400,636401.9855956146,291.5586136172327,291.558588957306
6405,636401.9931436854,291.5586134927397,291.5585892352582
6410,636402.0006917571,291.5586133682468,291.5585895132104
6415,636402.0082398285,291.5586132437538,291.5585897911625
6420,636402.0157879003,291.5586131192609,291.5585900691148
6425,636402.0233359721,291.5586129947679,291.5585903470669
6430,636402.0308840404,291.558612870275,291.5585906250191
6435,636402.0384321122,291.5586127457821,291.5585909029713
6440,636402.0459801838,291.5586126212891,291.5585911809235
6445,636402.0535282557,291.5586124967962,291.5585914588757
6450,636402.0610763275,291.5586123723032,291.5585917368279
6455,636402.0686243994,291.5586122478103,291.5585920147801
6460,636402.0761724677,291.5586121233173,291.5585922927323
6465,636402.0837205424,291.5586119988244,291.5585925706844
6470,636402.0912686143,291.5586118743315,291.5585928486366
6475,636402.0988166862,291.5586117498385,291.5585931265888
6480,636402.1063647581,291.5586116253456,291.558593404541
6485,636402.1139128265,291.5586115008526,291.5585936824932
6490,636402.1214608988,291.5586113763597,291.5585939604454
6495,636402.1290089707,291.5586112518668,291.5585942383976
6500,636402.1365570426,291.5586111273739,291.5585945163497
6505,636402.1441051146,291.5586110028809,291.5585947943019
6510,636402.1516531865,291.558610878388,291.5585950722541
6515,636402.1592012582,291.558610753895,291.5585953502063
6520,636402.1667493304,291.5586106294021,291.5585956281585
6525,636402.1742974025,291.5586105049092,291.5585959061107
6530,636402.1818454745,291.5586103804162,291.5585961840629
6535,636402.1893935467,291.5586102559233,291.5585964620151
6540,636402.1969416189,291.5586101314303,291.5585967399672
6545,636402.2044896876,291.5586100069374,291.5585970179195
6550,636402.2120377599,291.5586098824444,291.5585972958716
6555,636402.219585832,291.5586097579515,291.5585975738238
6560,636402.2271339044,291.5586096334586,291.558597851776
6565,636402.2346819765,291.5586095089656,291.5585981297282
6570,636402.2422300484,291.5586093844727,291.5585984076804
6575,636402.2497781207,291.5586092599797,291.5585986856325
6580,636402.257326193,291.5586091354868,291.5585989635848
6585,636402.2648742653,291.5586090109938,291.5585992415369
6590,636402.2724223376,291.5586088865009,291.5585995194891
6595,636402.2799704102,291.558608762008,291.5585997974413
6600,636402.287518479,291.558608637515,291.5586000753935
6605,636402.2919024819,291.5586085652082,291.5586002300684
6610,636402.2923294763,291.5586085581656,291.558600230572
6615,636402.2927564705,291.558608551123,291.5586002310756
6620,636402.2931834682,291.5586085440804,291.5586002315792
6625,636402.2936104627,291.5586085370379,291.5586002320828
6630,636402.2940374571,291.5586085299952,291.5586002325864
6635,636402.2944644546,291.5586085229527,291.55860023309
6640,636402.2948914492,291.5586085159101,291.5586002335936
6645,636402.2953184471,291.5586085088675,291.5586002340972
6650,636402.2957454413,291.5586085018249,291.5586002346008
6655,636402.2961724359,291.5586084947823,291.5586002351044
6660,636402.2965994335,291.5586084877398,291.558600235608
6665,636402.2970264278,291.5586084806972,291.5586002361116
6670,636402.2974534223,291.5586084736546,291.5586002366152
6675,636402.29788042,291.558608466612,291.5586002371188
6680,636402.2983074144,291.5586084595694,291.5586002376224
6685,636402.2987344088,291.5586084525268,291.558600238126
6690,636402.2991614066,291.5586084454843,291.5586002386296
6695,636402.2995884006,291.5586084384416,291.5586002391332
6700,636402.3000153952,291.5586084313991,291.5586002396368
6705,636402.3004423931,291.5586084243565,291.5586002401404
6710,636402.3008693871,291.5586084173139,291.558600240644
6715,636402.3012963852,291.5586084102713,291.5586002411476
6720,636402.3017233793,291.5586084032287,291.5586002416512
6725,636402.3021503736,291.5586083961862,291.5586002421548
6730,636402.3025773717,291.5586083891436,291.5586002426584
6735,636402.303004366,291.558608382101,291.558600243162
6740,636402.3034313603,291.5586083750584,291.5586002436656
6745,636402.3038583582,291.5586083680158,291.5586002441692
6750,636402.3042853525,291.5586083609732,291.5586002446728
6755,636402.3047123468,291.5586083539307,291.5586002451764
6760,636402.3051393448,291.558608346888,291.55860024568
6765,636402.3055663391,291.5586083398455,291.5586002461836
6770,636402.3059933333,291.5586083328029,291.5586002466872
6775,636402.3064203312,291.5586083257603,291.5586002471908
6780,636402.3068473255,291.5586083187177,291.5586002476944
6785,636402.3072743199,291.5586083116751,291.558600248198
6790,636402.3077013177,291.5586083046326,291.5586002487016
6795,636402.3081283118,291.55860829759,291.5586002492053
6800,636402.3085553061,291.5586082905474,291.5586002497088
6805,636402.3089823043,291.5586082835048,291.5586002502124
6810,636402.3094092985,291.5586082764622,291.558600250716
6815,636402.3098362961,291.5586082694196,291.5586002512196
6820,636402.3102632907,291.558608262377,291.5586002517232
6825,636402.3106902849,291.5586082553344,291.5586002522268
6830,636402.3111172826,291.5586082482919,291.5586002527305
6835,636402.3115442772,291.5586082412493,291.558600253234
6840,636402.3119712714,291.5586082342067,291.5586002537376
6845,636402.3123982691,291.5586082271641,291.5586002542412
6850,636402.3128252637,291.5586082201215,291.5586002547448
6855,636402.313252258,291.558608213079,291.5586002552485
6860,636402.3136792558,291.5586082060364,291.558600255752
6865,636402.3141062502,291.5586081989938,291.5586002562557
6870,636402.314533248,291.5586081919512,291.5586002567592
6875,636402.3149602422,291.5586081849086,291.5586002572628
6880,636402.3153872368,291.558608177866,291.5586002577664
6885,636402.3158142344,291.5586081708234,291.55860025827
6890,636402.3162412287,291.5586081637809,291.5586002587737
6895,636402.3166682232,291.5586081567383,291.5586002592772
6900,636402.317095221,291.5586081496957,291.5586002597809
6905,636402.3175222153,291.5586081426531,291.5586002602844
6910,636402.3179492097,291.5586081356105,291.558600260788
6915,636402.3183762075,291.5586081285679,291.5586002612916
6920,636402.3188032015,291.5586081215254,291.5586002617952
6925,636402.3192301962,291.5586081144828,291.5586002622989
6930,636402.319657194,291.5586081074402,291.5586002628024
6935,636402.320084188,291.5586081003976,291.5586002633061
6940,636402.3205111827,291.558608093355,291.5586002638096
6945,636402.3209381804,291.5586080863125,291.5586002643132
6950,636402.3213651747,291.5586080792698,291.5586002648168
6955,636402.3217921727,291.5586080722273,291.5586002653204
6960,636402.3222191669,291.5586080651847,291.5586002658241
6965,636402.3226461612,291.5586080581421,291.5586002663276
6970,636402.3230731589,291.5586080510995,291.5586002668313
6975,636402.3235001534,291.5586080440569,291.5586002673348
6980,636402.3239271478,291.5586080370143,291.5586002678384
6985,636402.3243541457,291.5586080299718,291.558600268342
6990,636402.32478114,291.5586080229291,291.5586002688456
6995,636402.3252081344,291.5586080158866,291.5586002693493
7000,636402.325635132,291.558608008844,291.5586002698528
7005,636402.3260621264,291.5586080018014,291.5586002703565
7010,636402.3264891207,291.5586079947589,291.55860027086
7015,636402.3269161187,291.5586079877162,291.5586002713636
7020,636402.327343113,291.5586079806737,291.5586002718672
7025,636402.3277701073,291.5586079736311,291.5586002723708
7030,636402.3281971051,291.5586079665885,291.5586002728745
7035,636402.3286240995,291.5586079595459,291.558600273378
7040,636402.3290510973,291.5586079525033,291.5586002738817
7045,636402.3294780917,291.5586079454607,291.5586002743852
7050,636402.329905086,291.5586079384182,291.5586002748888
7055,636402.3303320839,291.5586079313755,291.5586002753925
7060,636402.3307590784,291.558607924333,291.558600275896
7065,636402.3311860724,291.5586079172904,291.5586002763997
7070,636402.3316130703,291.5586079102478,291.5586002769032
7075,636402.3320400647,291.5586079032053,291.5586002774069
7080,636402.3324670589,291.5586078961626,291.5586002779104
7085,636402.3328940569,291.5586078891201,291.558600278414
7090,636402.3333210512,291.5586078820775,291.5586002789177
7095,636402.3337480455,291.5586078750349,291.5586002794212
7100,636402.3341750433,291.5586078679923,291.5586002799249
7105,636402.3346020377,291.5586078609497,291.5586002804284
7110,636402.335029032,291.5586078539071,291.5586002809321
7115,636402.3354560297,291.5586078468646,291.5586002814356
7120,636402.3358830241,291.5586078398219,291.5586002819392
7125,636402.3363100219,291.5586078327794,291.5586002824429
7130,636402.3367370163,291.5586078257368,291.5586002829464
7135,636402.3371640107,291.5586078186942,291.5586002834501
7140,636402.3375910085,291.5586078116517,291.5586002839536
7145,636402.3380180028,291.558607804609,291.5586002844573
7150,636402.3384449972,291.5586077975665,291.5586002849608
7155,636402.338871995,291.5586077905239,291.5586002854644
7160,636402.3392989893,291.5586077834813,291.5586002859681
7165,636402.3397259838,291.5586077764387,291.5586002864716
7170,636402.3401529816,291.5586077693961,291.5586002869753
7175,636402.3405799759,291.5586077623535,291.5586002874788
7180,636402.3410069704,291.558607755311,291.5586002879825
7185,636402.341433968,291.5586077482683,291.558600288486
7190,636402.3418609623,291.5586077412258,291.5586002889896
7195,636402.3422879601,291.5586077341832,291.5586002894933
7200,636402.3427149545,291.5586077271406,291.5586002899968
